,Date,Home Team,Visitor Team,Home Team Score,Visitor Team Score
0,2020-12-22T00:00:00.000Z,Brooklyn Nets,Golden State Warriors,125,99
1,2020-12-22T00:00:00.000Z,Los Angeles Lakers,LA Clippers,109,116
2,2020-12-25T00:00:00.000Z,Miami Heat,New Orleans Pelicans,111,98
3,2020-12-26T00:00:00.000Z,Washington Wizards,Orlando Magic,120,130
4,2020-12-23T00:00:00.000Z,Cleveland Cavaliers,Charlotte Hornets,121,114
5,2020-12-23T00:00:00.000Z,Minnesota Timberwolves,Detroit Pistons,111,101
6,2020-12-25T00:00:00.000Z,Milwaukee Bucks,Golden State Warriors,138,99
7,2020-12-23T00:00:00.000Z,Indiana Pacers,New York Knicks,121,107
8,2020-12-23T00:00:00.000Z,Orlando Magic,Miami Heat,113,107
9,2020-12-23T00:00:00.000Z,Denver Nuggets,Sacramento Kings,122,124
10,2020-12-23T00:00:00.000Z,Portland Trail Blazers,Utah Jazz,100,120
11,2020-12-23T00:00:00.000Z,Philadelphia 76ers,Washington Wizards,113,107
12,2020-12-25T00:00:00.000Z,Boston Celtics,Brooklyn Nets,95,123
13,2020-12-25T00:00:00.000Z,Los Angeles Lakers,Dallas Mavericks,138,115
14,2020-12-25T00:00:00.000Z,Denver Nuggets,LA Clippers,108,121
15,2020-12-23T00:00:00.000Z,Boston Celtics,Milwaukee Bucks,122,121
16,2020-12-23T00:00:00.000Z,Chicago Bulls,Atlanta Hawks,104,124
17,2020-12-26T00:00:00.000Z,Memphis Grizzlies,Atlanta Hawks,112,122
18,2020-12-23T00:00:00.000Z,Memphis Grizzlies,San Antonio Spurs,119,131
19,2020-12-23T00:00:00.000Z,Toronto Raptors,New Orleans Pelicans,99,113
20,2020-12-23T00:00:00.000Z,Phoenix Suns,Dallas Mavericks,106,102
21,2020-12-26T00:00:00.000Z,Charlotte Hornets,Oklahoma City Thunder,107,109
22,2020-12-26T00:00:00.000Z,Detroit Pistons,Cleveland Cavaliers,119,128
23,2020-12-26T00:00:00.000Z,New York Knicks,Philadelphia 76ers,89,109
24,2020-12-26T00:00:00.000Z,Chicago Bulls,Indiana Pacers,106,125
25,2020-12-26T00:00:00.000Z,San Antonio Spurs,Toronto Raptors,119,114
26,2020-12-26T00:00:00.000Z,Utah Jazz,Minnesota Timberwolves,111,116
27,2020-12-26T00:00:00.000Z,Sacramento Kings,Phoenix Suns,106,103
28,2020-12-26T00:00:00.000Z,Portland Trail Blazers,Houston Rockets,128,126
29,2020-12-29T00:00:00.000Z,Washington Wizards,Chicago Bulls,107,115
30,2020-12-29T00:00:00.000Z,Oklahoma City Thunder,Orlando Magic,107,118
31,2020-12-27T00:00:00.000Z,Sacramento Kings,Phoenix Suns,100,116
32,2020-12-27T00:00:00.000Z,Cleveland Cavaliers,Philadelphia 76ers,118,94
33,2020-12-27T00:00:00.000Z,Los Angeles Lakers,Minnesota Timberwolves,127,91
34,2020-12-27T00:00:00.000Z,Chicago Bulls,Golden State Warriors,128,129
35,2020-12-29T00:00:00.000Z,LA Clippers,Minnesota Timberwolves,124,101
36,2020-12-27T00:00:00.000Z,Indiana Pacers,Boston Celtics,108,107
37,2020-12-29T00:00:00.000Z,Phoenix Suns,New Orleans Pelicans,111,86
38,2020-12-27T00:00:00.000Z,New York Knicks,Milwaukee Bucks,130,110
39,2020-12-27T00:00:00.000Z,LA Clippers,Dallas Mavericks,73,124
40,2020-12-27T00:00:00.000Z,Charlotte Hornets,Brooklyn Nets,106,104
41,2020-12-27T00:00:00.000Z,Washington Wizards,Orlando Magic,113,120
42,2020-12-27T00:00:00.000Z,New Orleans Pelicans,San Antonio Spurs,98,95
43,2020-12-29T00:00:00.000Z,Philadelphia 76ers,Toronto Raptors,100,93
44,2020-12-28T00:00:00.000Z,Atlanta Hawks,Detroit Pistons,128,120
45,2020-12-28T00:00:00.000Z,Brooklyn Nets,Memphis Grizzlies,111,116
46,2020-12-28T00:00:00.000Z,Oklahoma City Thunder,Utah Jazz,109,110
47,2020-12-28T00:00:00.000Z,Denver Nuggets,Houston Rockets,124,111
48,2020-12-28T00:00:00.000Z,Los Angeles Lakers,Portland Trail Blazers,107,115
49,2021-01-17T00:00:00.000Z,Washington Wizards,Cleveland Cavaliers,119,110
50,2021-01-04T00:00:00.000Z,Philadelphia 76ers,Charlotte Hornets,118,101
51,2021-01-15T00:00:00.000Z,Oklahoma City Thunder,Chicago Bulls,127,125
52,2021-01-29T00:00:00.000Z,Charlotte Hornets,Indiana Pacers,108,105
53,2020-12-30T00:00:00.000Z,LA Clippers,Portland Trail Blazers,128,105
54,2021-01-30T00:00:00.000Z,Boston Celtics,Los Angeles Lakers,95,96
55,2021-01-31T00:00:00.000Z,New York Knicks,LA Clippers,115,129
56,2021-01-03T00:00:00.000Z,Memphis Grizzlies,Los Angeles Lakers,94,108
57,2021-01-07T00:00:00.000Z,Memphis Grizzlies,Cleveland Cavaliers,90,94
58,2021-02-26T00:00:00.000Z,Detroit Pistons,Sacramento Kings,107,110
59,2021-01-01T00:00:00.000Z,Dallas Mavericks,Miami Heat,93,83
60,2021-01-09T00:00:00.000Z,Dallas Mavericks,Orlando Magic,112,98
61,2021-01-02T00:00:00.000Z,Philadelphia 76ers,Charlotte Hornets,127,112
62,2021-02-06T00:00:00.000Z,Cleveland Cavaliers,Milwaukee Bucks,99,124
63,2021-01-10T00:00:00.000Z,Brooklyn Nets,Oklahoma City Thunder,116,129
64,2020-12-29T00:00:00.000Z,Detroit Pistons,Golden State Warriors,106,116
65,2020-12-31T00:00:00.000Z,Indiana Pacers,Cleveland Cavaliers,119,99
66,2021-01-11T00:00:00.000Z,Washington Wizards,Phoenix Suns,128,107
67,2021-01-18T00:00:00.000Z,Miami Heat,Detroit Pistons,113,107
68,2021-02-17T00:00:00.000Z,Philadelphia 76ers,Houston Rockets,118,113
69,2021-03-04T00:00:00.000Z,Washington Wizards,LA Clippers,119,117
70,2021-01-06T00:00:00.000Z,New York Knicks,Utah Jazz,112,100
71,2021-02-03T00:00:00.000Z,Oklahoma City Thunder,Houston Rockets,104,87
72,2021-02-05T00:00:00.000Z,Orlando Magic,Chicago Bulls,123,119
73,2021-01-22T00:00:00.000Z,Philadelphia 76ers,Boston Celtics,122,110
74,2021-01-08T00:00:00.000Z,Detroit Pistons,Phoenix Suns,110,105
75,2021-01-22T00:00:00.000Z,Sacramento Kings,New York Knicks,103,94
76,2021-01-27T00:00:00.000Z,Atlanta Hawks,Brooklyn Nets,128,132
77,2021-01-27T00:00:00.000Z,Utah Jazz,Dallas Mavericks,116,104
78,2021-02-15T00:00:00.000Z,Golden State Warriors,Cleveland Cavaliers,129,98
79,2021-02-10T00:00:00.000Z,Los Angeles Lakers,Oklahoma City Thunder,114,113
80,2021-02-25T00:00:00.000Z,Denver Nuggets,Washington Wizards,110,112
81,2021-01-20T00:00:00.000Z,Houston Rockets,Phoenix Suns,103,109
82,2021-02-04T00:00:00.000Z,Los Angeles Lakers,Denver Nuggets,114,93
83,2021-02-16T00:00:00.000Z,Milwaukee Bucks,Toronto Raptors,113,124
84,2021-01-23T00:00:00.000Z,Utah Jazz,Golden State Warriors,127,108
85,2021-01-16T00:00:00.000Z,Phoenix Suns,Indiana Pacers,111,122
86,2021-02-24T00:00:00.000Z,New Orleans Pelicans,Detroit Pistons,128,118
87,2021-02-19T00:00:00.000Z,Minnesota Timberwolves,Toronto Raptors,81,86
88,2021-03-03T00:00:00.000Z,Minnesota Timberwolves,Charlotte Hornets,102,135
89,2021-01-24T00:00:00.000Z,LA Clippers,Oklahoma City Thunder,108,100
90,2021-02-12T00:00:00.000Z,Chicago Bulls,LA Clippers,106,125
91,2021-01-25T00:00:00.000Z,Brooklyn Nets,Miami Heat,98,85
92,2021-02-13T00:00:00.000Z,New York Knicks,Houston Rockets,121,99
93,2021-02-20T00:00:00.000Z,Memphis Grizzlies,Phoenix Suns,97,128
94,2021-02-14T00:00:00.000Z,Toronto Raptors,Minnesota Timberwolves,112,116
95,2021-02-21T00:00:00.000Z,New York Knicks,Minnesota Timberwolves,103,99
96,2021-02-22T00:00:00.000Z,Phoenix Suns,Portland Trail Blazers,132,100
97,2021-01-28T00:00:00.000Z,Detroit Pistons,Los Angeles Lakers,107,92
98,2021-02-23T00:00:00.000Z,New York Knicks,Golden State Warriors,106,114
99,2021-02-01T00:00:00.000Z,Chicago Bulls,New York Knicks,110,102
100,2021-03-13T00:00:00.000Z,Denver Nuggets,Dallas Mavericks,103,116
101,2021-03-17T00:00:00.000Z,Indiana Pacers,Brooklyn Nets,115,124
102,2021-05-05T00:00:00.000Z,Orlando Magic,Boston Celtics,96,132
103,2021-03-29T00:00:00.000Z,Brooklyn Nets,Minnesota Timberwolves,112,107
104,2021-04-06T00:00:00.000Z,Boston Celtics,Philadelphia 76ers,96,106
105,2021-03-30T00:00:00.000Z,Denver Nuggets,Philadelphia 76ers,104,95
106,2021-04-05T00:00:00.000Z,Dallas Mavericks,Utah Jazz,111,103
107,2021-04-25T00:00:00.000Z,Brooklyn Nets,Phoenix Suns,128,119
108,2021-03-31T00:00:00.000Z,Detroit Pistons,Portland Trail Blazers,101,124
109,2021-04-03T00:00:00.000Z,Miami Heat,Cleveland Cavaliers,115,101
110,2021-03-18T00:00:00.000Z,Phoenix Suns,Minnesota Timberwolves,119,123
111,2021-04-04T00:00:00.000Z,Chicago Bulls,Brooklyn Nets,115,107
112,2021-03-19T00:00:00.000Z,Orlando Magic,Brooklyn Nets,121,113
113,2021-04-01T00:00:00.000Z,Brooklyn Nets,Charlotte Hornets,111,89
114,2021-03-21T00:00:00.000Z,Miami Heat,Indiana Pacers,106,109
115,2021-03-20T00:00:00.000Z,Milwaukee Bucks,San Antonio Spurs,120,113
116,2021-04-02T00:00:00.000Z,Boston Celtics,Houston Rockets,118,102
117,2021-04-13T00:00:00.000Z,Utah Jazz,Oklahoma City Thunder,106,96
118,2021-03-22T00:00:00.000Z,Chicago Bulls,Utah Jazz,95,120
119,2021-04-21T00:00:00.000Z,Indiana Pacers,Oklahoma City Thunder,122,116
120,2021-04-16T00:00:00.000Z,Houston Rockets,Denver Nuggets,99,128
121,2021-04-12T00:00:00.000Z,Dallas Mavericks,Philadelphia 76ers,95,113
122,2021-04-07T00:00:00.000Z,Indiana Pacers,Minnesota Timberwolves,141,137
123,2021-04-29T00:00:00.000Z,Indiana Pacers,Brooklyn Nets,113,130
124,2021-04-26T00:00:00.000Z,Detroit Pistons,Atlanta Hawks,100,86
125,2021-04-20T00:00:00.000Z,New York Knicks,Charlotte Hornets,109,97
126,2021-04-14T00:00:00.000Z,Charlotte Hornets,Cleveland Cavaliers,90,103
127,2021-05-07T00:00:00.000Z,Charlotte Hornets,Orlando Magic,122,112
128,2021-04-11T00:00:00.000Z,Denver Nuggets,Boston Celtics,87,105
129,2021-04-24T00:00:00.000Z,New York Knicks,Toronto Raptors,120,103
130,2021-05-09T00:00:00.000Z,Charlotte Hornets,New Orleans Pelicans,110,112
131,2021-05-02T00:00:00.000Z,Houston Rockets,New York Knicks,97,122
132,2021-04-19T00:00:00.000Z,Los Angeles Lakers,Utah Jazz,97,111
133,2021-04-28T00:00:00.000Z,Memphis Grizzlies,Portland Trail Blazers,109,130
134,2021-05-14T00:00:00.000Z,Philadelphia 76ers,Orlando Magic,122,97
135,2021-05-04T00:00:00.000Z,Detroit Pistons,Charlotte Hornets,99,102
136,2021-04-23T00:00:00.000Z,Atlanta Hawks,Miami Heat,118,103
137,2021-05-06T00:00:00.000Z,Indiana Pacers,Atlanta Hawks,133,126
138,2021-05-01T00:00:00.000Z,Cleveland Cavaliers,Miami Heat,107,124
139,2021-05-08T00:00:00.000Z,Utah Jazz,Houston Rockets,124,116
140,2021-05-10T00:00:00.000Z,Memphis Grizzlies,New Orleans Pelicans,115,110
141,2021-05-15T00:00:00.000Z,Indiana Pacers,Los Angeles Lakers,115,122
142,2021-05-13T00:00:00.000Z,Minnesota Timberwolves,Denver Nuggets,103,114
143,2021-05-16T00:00:00.000Z,Atlanta Hawks,Houston Rockets,124,95
144,2021-03-20T00:00:00.000Z,Memphis Grizzlies,Golden State Warriors,111,103
145,2021-05-07T00:00:00.000Z,Philadelphia 76ers,New Orleans Pelicans,109,107
146,2021-03-15T00:00:00.000Z,Charlotte Hornets,Sacramento Kings,122,116
147,2021-03-14T00:00:00.000Z,New Orleans Pelicans,LA Clippers,135,115
148,2021-04-08T00:00:00.000Z,Oklahoma City Thunder,Cleveland Cavaliers,102,129
149,2021-04-30T00:00:00.000Z,Boston Celtics,San Antonio Spurs,143,140
150,2021-04-26T00:00:00.000Z,Washington Wizards,San Antonio Spurs,143,146
151,2021-04-03T00:00:00.000Z,Philadelphia 76ers,Minnesota Timberwolves,122,113
152,2021-03-19T00:00:00.000Z,Boston Celtics,Sacramento Kings,96,107
153,2021-04-28T00:00:00.000Z,Philadelphia 76ers,Atlanta Hawks,127,83
154,2021-04-18T00:00:00.000Z,Atlanta Hawks,Indiana Pacers,129,117
155,2021-04-11T00:00:00.000Z,Orlando Magic,Milwaukee Bucks,87,124
156,2021-04-09T00:00:00.000Z,Atlanta Hawks,Chicago Bulls,120,108
157,2021-03-23T00:00:00.000Z,Golden State Warriors,Philadelphia 76ers,98,108
158,2021-04-13T00:00:00.000Z,Toronto Raptors,Atlanta Hawks,103,108
159,2021-03-28T00:00:00.000Z,Denver Nuggets,Atlanta Hawks,126,102
160,2021-03-18T00:00:00.000Z,Portland Trail Blazers,New Orleans Pelicans,101,93
161,2021-04-16T00:00:00.000Z,Chicago Bulls,Memphis Grizzlies,115,126
162,2021-04-20T00:00:00.000Z,Portland Trail Blazers,LA Clippers,112,113
163,2021-03-22T00:00:00.000Z,San Antonio Spurs,Charlotte Hornets,97,100
164,2021-03-17T00:00:00.000Z,Philadelphia 76ers,Milwaukee Bucks,105,109
165,2021-04-02T00:00:00.000Z,New York Knicks,Dallas Mavericks,86,99
166,2021-03-24T00:00:00.000Z,Indiana Pacers,Detroit Pistons,116,111
167,2021-04-14T00:00:00.000Z,Philadelphia 76ers,Brooklyn Nets,123,117
168,2021-04-05T00:00:00.000Z,San Antonio Spurs,Cleveland Cavaliers,101,125
169,2021-04-23T00:00:00.000Z,Golden State Warriors,Denver Nuggets,118,97
170,2021-03-27T00:00:00.000Z,San Antonio Spurs,Chicago Bulls,120,104
171,2021-03-21T00:00:00.000Z,Denver Nuggets,New Orleans Pelicans,108,113
172,2021-03-29T00:00:00.000Z,New York Knicks,Miami Heat,88,98
173,2021-03-16T00:00:00.000Z,Chicago Bulls,Oklahoma City Thunder,123,102
174,2021-04-07T00:00:00.000Z,Orlando Magic,Washington Wizards,116,131
175,2021-04-21T00:00:00.000Z,Toronto Raptors,Brooklyn Nets,114,103
176,2021-05-13T00:00:00.000Z,Phoenix Suns,Portland Trail Blazers,118,117
177,2021-04-24T00:00:00.000Z,Milwaukee Bucks,Philadelphia 76ers,132,94
178,2021-04-01T00:00:00.000Z,New Orleans Pelicans,Orlando Magic,110,115
179,2021-03-26T00:00:00.000Z,Dallas Mavericks,Indiana Pacers,94,109
180,2021-05-04T00:00:00.000Z,Milwaukee Bucks,Brooklyn Nets,124,118
181,2021-05-01T00:00:00.000Z,Houston Rockets,Golden State Warriors,87,113
182,2021-04-04T00:00:00.000Z,LA Clippers,Los Angeles Lakers,104,86
183,2021-03-31T00:00:00.000Z,Memphis Grizzlies,Utah Jazz,107,111
184,2021-04-12T00:00:00.000Z,Orlando Magic,San Antonio Spurs,97,120
185,2021-05-08T00:00:00.000Z,Denver Nuggets,Brooklyn Nets,119,125
186,2021-04-19T00:00:00.000Z,Boston Celtics,Chicago Bulls,96,102
187,2021-04-06T00:00:00.000Z,Atlanta Hawks,New Orleans Pelicans,123,107
188,2021-04-17T00:00:00.000Z,Chicago Bulls,Cleveland Cavaliers,106,96
189,2021-05-05T00:00:00.000Z,Cleveland Cavaliers,Portland Trail Blazers,105,141
190,2021-04-27T00:00:00.000Z,Golden State Warriors,Dallas Mavericks,103,133
191,2021-04-29T00:00:00.000Z,Houston Rockets,Milwaukee Bucks,143,136
192,2021-05-02T00:00:00.000Z,Boston Celtics,Portland Trail Blazers,119,129
193,2021-05-09T00:00:00.000Z,Cleveland Cavaliers,Dallas Mavericks,97,124
194,2021-05-06T00:00:00.000Z,Detroit Pistons,Memphis Grizzlies,111,97
195,2021-05-03T00:00:00.000Z,Washington Wizards,Indiana Pacers,154,141
196,2021-05-10T00:00:00.000Z,San Antonio Spurs,Milwaukee Bucks,146,125
197,2021-05-11T00:00:00.000Z,Boston Celtics,Miami Heat,121,129
198,2021-05-16T00:00:00.000Z,Toronto Raptors,Indiana Pacers,113,125
199,2021-05-16T00:00:00.000Z,Brooklyn Nets,Cleveland Cavaliers,123,109
200,2021-05-15T00:00:00.000Z,New York Knicks,Charlotte Hornets,118,109
201,2021-05-05T00:00:00.000Z,Houston Rockets,Philadelphia 76ers,115,135
202,2021-04-06T00:00:00.000Z,Indiana Pacers,Chicago Bulls,97,113
203,2021-04-20T00:00:00.000Z,Sacramento Kings,Minnesota Timberwolves,120,134
204,2021-04-01T00:00:00.000Z,Miami Heat,Golden State Warriors,116,109
205,2021-04-14T00:00:00.000Z,Minnesota Timberwolves,Milwaukee Bucks,105,130
206,2021-04-07T00:00:00.000Z,Atlanta Hawks,Memphis Grizzlies,113,131
207,2021-05-15T00:00:00.000Z,Milwaukee Bucks,Miami Heat,122,108
208,2021-05-04T00:00:00.000Z,Miami Heat,Dallas Mavericks,113,127
209,2021-04-02T00:00:00.000Z,Memphis Grizzlies,Minnesota Timberwolves,120,108
210,2021-03-17T00:00:00.000Z,Dallas Mavericks,LA Clippers,105,89
211,2021-04-18T00:00:00.000Z,New York Knicks,New Orleans Pelicans,122,112
212,2021-03-26T00:00:00.000Z,New Orleans Pelicans,Denver Nuggets,108,113
213,2021-03-24T00:00:00.000Z,Orlando Magic,Phoenix Suns,112,111
214,2021-04-08T00:00:00.000Z,Utah Jazz,Portland Trail Blazers,122,103
215,2021-04-26T00:00:00.000Z,Philadelphia 76ers,Oklahoma City Thunder,121,90
216,2021-03-29T00:00:00.000Z,Washington Wizards,Indiana Pacers,132,124
217,2021-03-29T00:00:00.000Z,LA Clippers,Milwaukee Bucks,129,105
218,2021-05-03T00:00:00.000Z,Detroit Pistons,Orlando Magic,112,119
219,2021-04-09T00:00:00.000Z,Boston Celtics,Minnesota Timberwolves,145,136
220,2021-04-27T00:00:00.000Z,Toronto Raptors,Brooklyn Nets,103,116
221,2021-03-20T00:00:00.000Z,LA Clippers,Charlotte Hornets,125,98
222,2021-03-22T00:00:00.000Z,Memphis Grizzlies,Boston Celtics,132,126
223,2021-05-14T00:00:00.000Z,Oklahoma City Thunder,Utah Jazz,93,109
224,2021-03-27T00:00:00.000Z,Minnesota Timberwolves,Houston Rockets,107,129
225,2021-04-03T00:00:00.000Z,Sacramento Kings,Milwaukee Bucks,128,129
226,2021-04-10T00:00:00.000Z,Golden State Warriors,Houston Rockets,125,109
227,2021-03-30T00:00:00.000Z,Washington Wizards,Charlotte Hornets,104,114
228,2021-03-28T00:00:00.000Z,Los Angeles Lakers,Orlando Magic,96,93
229,2021-05-01T00:00:00.000Z,Utah Jazz,Toronto Raptors,106,102
230,2021-05-02T00:00:00.000Z,Charlotte Hornets,Miami Heat,111,121
231,2021-04-11T00:00:00.000Z,Cleveland Cavaliers,New Orleans Pelicans,109,116
232,2021-05-07T00:00:00.000Z,Miami Heat,Minnesota Timberwolves,121,112
233,2021-03-23T00:00:00.000Z,Miami Heat,Phoenix Suns,100,110
234,2021-04-21T00:00:00.000Z,Philadelphia 76ers,Phoenix Suns,113,116
235,2021-04-04T00:00:00.000Z,Atlanta Hawks,Golden State Warriors,117,111
236,2021-03-31T00:00:00.000Z,Indiana Pacers,Miami Heat,87,92
237,2021-04-12T00:00:00.000Z,New Orleans Pelicans,Sacramento Kings,117,110
238,2021-05-13T00:00:00.000Z,Charlotte Hornets,LA Clippers,90,113
239,2021-04-24T00:00:00.000Z,Denver Nuggets,Houston Rockets,129,116
240,2021-04-05T00:00:00.000Z,Minnesota Timberwolves,Sacramento Kings,116,106
241,2021-04-13T00:00:00.000Z,Indiana Pacers,LA Clippers,115,126
242,2021-05-12T00:00:00.000Z,Cleveland Cavaliers,Boston Celtics,102,94
243,2021-04-28T00:00:00.000Z,Boston Celtics,Charlotte Hornets,120,111
244,2021-05-16T00:00:00.000Z,Golden State Warriors,Memphis Grizzlies,113,101
245,2021-04-16T00:00:00.000Z,Toronto Raptors,Orlando Magic,113,102
246,2021-04-17T00:00:00.000Z,Boston Celtics,Golden State Warriors,119,114
247,2021-05-11T00:00:00.000Z,Chicago Bulls,Brooklyn Nets,107,115
248,2021-05-10T00:00:00.000Z,Golden State Warriors,Utah Jazz,119,116
249,2021-05-09T00:00:00.000Z,Sacramento Kings,Oklahoma City Thunder,126,98
250,2021-05-06T00:00:00.000Z,Dallas Mavericks,Brooklyn Nets,113,109
251,2021-01-22T00:00:00.000Z,Charlotte Hornets,Chicago Bulls,110,123
252,2021-01-21T00:00:00.000Z,Golden State Warriors,New York Knicks,104,119
253,2021-02-02T00:00:00.000Z,Brooklyn Nets,LA Clippers,124,120
254,2021-01-30T00:00:00.000Z,New Orleans Pelicans,Houston Rockets,112,126
255,2021-01-09T00:00:00.000Z,Charlotte Hornets,Atlanta Hawks,113,105
256,2021-02-01T00:00:00.000Z,Cleveland Cavaliers,Minnesota Timberwolves,100,98
257,2021-02-10T00:00:00.000Z,Washington Wizards,Toronto Raptors,115,137
258,2020-12-30T00:00:00.000Z,Brooklyn Nets,Atlanta Hawks,145,141
259,2021-02-07T00:00:00.000Z,New York Knicks,Miami Heat,103,109
260,2021-01-17T00:00:00.000Z,Denver Nuggets,Utah Jazz,105,109
261,2021-01-05T00:00:00.000Z,Memphis Grizzlies,Los Angeles Lakers,92,94
262,2021-01-16T00:00:00.000Z,Brooklyn Nets,Orlando Magic,122,115
263,2021-01-13T00:00:00.000Z,Detroit Pistons,Milwaukee Bucks,101,110
264,2021-01-29T00:00:00.000Z,New Orleans Pelicans,Milwaukee Bucks,131,126
265,2020-12-29T00:00:00.000Z,Cleveland Cavaliers,New York Knicks,86,95
266,2021-01-04T00:00:00.000Z,Orlando Magic,Cleveland Cavaliers,103,83
267,2021-01-03T00:00:00.000Z,Detroit Pistons,Boston Celtics,120,122
268,2021-01-08T00:00:00.000Z,Milwaukee Bucks,Utah Jazz,118,131
269,2020-12-31T00:00:00.000Z,Houston Rockets,Sacramento Kings,122,119
270,2021-01-18T00:00:00.000Z,Washington Wizards,Cleveland Cavaliers,120,105
271,2021-01-02T00:00:00.000Z,Houston Rockets,Sacramento Kings,102,94
272,2021-01-01T00:00:00.000Z,Charlotte Hornets,Memphis Grizzlies,93,108
273,2021-02-21T00:00:00.000Z,New Orleans Pelicans,Boston Celtics,120,115
274,2021-02-27T00:00:00.000Z,Philadelphia 76ers,Cleveland Cavaliers,109,112
275,2021-03-04T00:00:00.000Z,Boston Celtics,Toronto Raptors,132,125
276,2021-01-27T00:00:00.000Z,Charlotte Hornets,Indiana Pacers,106,116
277,2021-02-09T00:00:00.000Z,Detroit Pistons,Brooklyn Nets,122,111
278,2021-01-06T00:00:00.000Z,Indiana Pacers,Houston Rockets,114,107
279,2021-01-10T00:00:00.000Z,Detroit Pistons,Utah Jazz,86,96
280,2021-01-11T00:00:00.000Z,Charlotte Hornets,New York Knicks,109,88
281,2021-02-12T00:00:00.000Z,Charlotte Hornets,Minnesota Timberwolves,120,114
282,2021-02-04T00:00:00.000Z,Philadelphia 76ers,Portland Trail Blazers,105,121
283,2021-02-12T00:00:00.000Z,Sacramento Kings,Orlando Magic,112,123
284,2021-02-06T00:00:00.000Z,Sacramento Kings,Denver Nuggets,119,114
285,2021-03-02T00:00:00.000Z,Washington Wizards,Memphis Grizzlies,111,125
286,2021-01-26T00:00:00.000Z,Houston Rockets,Washington Wizards,107,88
287,2021-01-25T00:00:00.000Z,Detroit Pistons,Philadelphia 76ers,119,104
288,2021-01-24T00:00:00.000Z,Indiana Pacers,Toronto Raptors,102,107
289,2021-02-16T00:00:00.000Z,Boston Celtics,Denver Nuggets,112,99
290,2021-01-20T00:00:00.000Z,Atlanta Hawks,Detroit Pistons,123,115
291,2021-01-23T00:00:00.000Z,Dallas Mavericks,Houston Rockets,108,133
292,2021-02-24T00:00:00.000Z,Indiana Pacers,Golden State Warriors,107,111
293,2021-02-03T00:00:00.000Z,Charlotte Hornets,Philadelphia 76ers,111,118
294,2021-01-31T00:00:00.000Z,Denver Nuggets,Utah Jazz,128,117
295,2021-02-08T00:00:00.000Z,Charlotte Hornets,Houston Rockets,119,94
296,2021-02-20T00:00:00.000Z,Charlotte Hornets,Golden State Warriors,102,100
297,2021-02-14T00:00:00.000Z,Dallas Mavericks,Portland Trail Blazers,118,121
298,2021-02-05T00:00:00.000Z,Charlotte Hornets,Utah Jazz,121,138
299,2021-02-28T00:00:00.000Z,Milwaukee Bucks,LA Clippers,105,100
300,2021-02-15T00:00:00.000Z,Indiana Pacers,Chicago Bulls,112,120
301,2021-02-26T00:00:00.000Z,Miami Heat,Utah Jazz,124,116
302,2021-02-22T00:00:00.000Z,Indiana Pacers,San Antonio Spurs,94,109
303,2021-02-23T00:00:00.000Z,Cleveland Cavaliers,Atlanta Hawks,112,111
304,2021-02-11T00:00:00.000Z,Detroit Pistons,Indiana Pacers,95,111
305,2021-02-13T00:00:00.000Z,Phoenix Suns,Philadelphia 76ers,120,111
306,2021-02-19T00:00:00.000Z,Boston Celtics,Atlanta Hawks,121,109
307,2021-03-03T00:00:00.000Z,Cleveland Cavaliers,Indiana Pacers,111,114
308,2021-03-01T00:00:00.000Z,Orlando Magic,Dallas Mavericks,124,130
309,2021-02-25T00:00:00.000Z,Philadelphia 76ers,Dallas Mavericks,111,97
310,2021-02-17T00:00:00.000Z,Charlotte Hornets,Chicago Bulls,99,120
311,2021-01-15T00:00:00.000Z,Detroit Pistons,Washington Wizards,120,91
312,2021-03-02T00:00:00.000Z,Milwaukee Bucks,Denver Nuggets,97,128
313,2021-03-01T00:00:00.000Z,Houston Rockets,Cleveland Cavaliers,90,101
314,2021-02-28T00:00:00.000Z,Boston Celtics,Washington Wizards,111,110
315,2021-02-27T00:00:00.000Z,Brooklyn Nets,Dallas Mavericks,98,115
316,2021-02-03T00:00:00.000Z,San Antonio Spurs,Minnesota Timberwolves,111,108
317,2021-01-22T00:00:00.000Z,San Antonio Spurs,Dallas Mavericks,117,122
318,2021-01-07T00:00:00.000Z,Denver Nuggets,Dallas Mavericks,117,124
319,2021-02-23T00:00:00.000Z,Toronto Raptors,Philadelphia 76ers,102,109
320,2021-02-06T00:00:00.000Z,Philadelphia 76ers,Brooklyn Nets,124,108
321,2021-01-24T00:00:00.000Z,Orlando Magic,Charlotte Hornets,104,107
322,2021-01-06T00:00:00.000Z,Milwaukee Bucks,Detroit Pistons,130,115
323,2021-03-02T00:00:00.000Z,Miami Heat,Atlanta Hawks,80,94
324,2021-02-24T00:00:00.000Z,Phoenix Suns,Charlotte Hornets,121,124
325,2021-02-14T00:00:00.000Z,Charlotte Hornets,San Antonio Spurs,110,122
326,2021-01-25T00:00:00.000Z,Indiana Pacers,Toronto Raptors,129,114
327,2021-01-27T00:00:00.000Z,New Orleans Pelicans,Washington Wizards,124,106
328,2021-01-09T00:00:00.000Z,Philadelphia 76ers,Denver Nuggets,103,115
329,2021-02-21T00:00:00.000Z,LA Clippers,Brooklyn Nets,108,112
330,2021-01-28T00:00:00.000Z,Houston Rockets,Portland Trail Blazers,104,101
331,2021-02-27T00:00:00.000Z,Oklahoma City Thunder,Denver Nuggets,96,126
332,2021-01-04T00:00:00.000Z,Miami Heat,Oklahoma City Thunder,118,90
333,2021-01-03T00:00:00.000Z,Phoenix Suns,LA Clippers,107,112
334,2021-01-01T00:00:00.000Z,Denver Nuggets,Phoenix Suns,103,106
335,2020-12-29T00:00:00.000Z,Indiana Pacers,Boston Celtics,111,116
336,2021-02-15T00:00:00.000Z,Sacramento Kings,Brooklyn Nets,106,136
337,2021-02-12T00:00:00.000Z,Denver Nuggets,Oklahoma City Thunder,97,95
338,2021-01-19T00:00:00.000Z,Utah Jazz,New Orleans Pelicans,118,102
339,2021-01-10T00:00:00.000Z,Minnesota Timberwolves,San Antonio Spurs,96,88
340,2021-02-01T00:00:00.000Z,Oklahoma City Thunder,Houston Rockets,106,136
341,2021-01-08T00:00:00.000Z,Boston Celtics,Washington Wizards,116,107
342,2021-01-23T00:00:00.000Z,Chicago Bulls,Los Angeles Lakers,90,101
343,2021-02-09T00:00:00.000Z,Utah Jazz,Boston Celtics,122,108
344,2021-01-20T00:00:00.000Z,Charlotte Hornets,Washington Wizards,119,97
345,2021-02-10T00:00:00.000Z,Memphis Grizzlies,Charlotte Hornets,130,114
346,2021-01-15T00:00:00.000Z,Milwaukee Bucks,Dallas Mavericks,112,109
347,2021-01-29T00:00:00.000Z,Washington Wizards,Atlanta Hawks,100,116
348,2021-02-05T00:00:00.000Z,Oklahoma City Thunder,Minnesota Timberwolves,103,106
349,2021-03-03T00:00:00.000Z,Philadelphia 76ers,Utah Jazz,131,123
350,2021-01-18T00:00:00.000Z,Toronto Raptors,Dallas Mavericks,116,93
351,2021-02-28T00:00:00.000Z,Miami Heat,Atlanta Hawks,109,99
352,2021-03-04T00:00:00.000Z,San Antonio Spurs,Oklahoma City Thunder,102,107
353,2021-02-22T00:00:00.000Z,Utah Jazz,Charlotte Hornets,132,110
354,2021-01-30T00:00:00.000Z,Golden State Warriors,Detroit Pistons,118,91
355,2021-02-13T00:00:00.000Z,Golden State Warriors,Brooklyn Nets,117,134
356,2021-02-16T00:00:00.000Z,Oklahoma City Thunder,Portland Trail Blazers,104,115
357,2021-02-17T00:00:00.000Z,Boston Celtics,Atlanta Hawks,114,122
358,2021-02-08T00:00:00.000Z,Denver Nuggets,Milwaukee Bucks,112,125
359,2021-02-26T00:00:00.000Z,Oklahoma City Thunder,Atlanta Hawks,118,109
360,2021-03-01T00:00:00.000Z,Chicago Bulls,Denver Nuggets,112,118
361,2021-02-19T00:00:00.000Z,Houston Rockets,Dallas Mavericks,102,93
362,2020-12-31T00:00:00.000Z,Toronto Raptors,New York Knicks,100,83
363,2021-01-09T00:00:00.000Z,Indiana Pacers,Phoenix Suns,117,125
364,2021-01-05T00:00:00.000Z,LA Clippers,San Antonio Spurs,113,116
365,2021-01-01T00:00:00.000Z,Milwaukee Bucks,Chicago Bulls,126,96
366,2021-01-15T00:00:00.000Z,Cleveland Cavaliers,New York Knicks,106,103
367,2021-01-22T00:00:00.000Z,Cleveland Cavaliers,Brooklyn Nets,125,113
368,2021-01-03T00:00:00.000Z,Brooklyn Nets,Washington Wizards,122,123
369,2021-01-02T00:00:00.000Z,Orlando Magic,Oklahoma City Thunder,99,108
370,2021-01-04T00:00:00.000Z,Toronto Raptors,Boston Celtics,114,126
371,2021-02-01T00:00:00.000Z,Atlanta Hawks,Los Angeles Lakers,99,107
372,2020-12-30T00:00:00.000Z,Miami Heat,Milwaukee Bucks,119,108
373,2021-02-12T00:00:00.000Z,Washington Wizards,New York Knicks,91,109
374,2021-01-08T00:00:00.000Z,Golden State Warriors,LA Clippers,115,105
375,2021-02-14T00:00:00.000Z,Boston Celtics,Detroit Pistons,102,108
376,2020-12-29T00:00:00.000Z,Miami Heat,Milwaukee Bucks,97,144
377,2021-02-11T00:00:00.000Z,Houston Rockets,Miami Heat,94,101
378,2021-01-10T00:00:00.000Z,New York Knicks,Denver Nuggets,89,114
379,2021-01-11T00:00:00.000Z,Orlando Magic,Milwaukee Bucks,99,121
380,2021-01-16T00:00:00.000Z,Memphis Grizzlies,Philadelphia 76ers,106,104
381,2021-01-25T00:00:00.000Z,Dallas Mavericks,Denver Nuggets,113,117
382,2021-01-06T00:00:00.000Z,Orlando Magic,Cleveland Cavaliers,105,94
383,2021-01-29T00:00:00.000Z,San Antonio Spurs,Denver Nuggets,119,109
384,2021-01-18T00:00:00.000Z,Memphis Grizzlies,Phoenix Suns,108,104
385,2021-01-17T00:00:00.000Z,Boston Celtics,New York Knicks,75,105
386,2021-02-02T00:00:00.000Z,Utah Jazz,Detroit Pistons,117,105
387,2021-02-21T00:00:00.000Z,Cleveland Cavaliers,Oklahoma City Thunder,101,117
388,2021-01-30T00:00:00.000Z,Chicago Bulls,Portland Trail Blazers,122,123
389,2021-02-22T00:00:00.000Z,Houston Rockets,Chicago Bulls,100,120
390,2021-01-20T00:00:00.000Z,Toronto Raptors,Miami Heat,102,111
391,2021-02-23T00:00:00.000Z,Brooklyn Nets,Sacramento Kings,127,118
392,2021-02-03T00:00:00.000Z,Cleveland Cavaliers,LA Clippers,99,121
393,2021-02-05T00:00:00.000Z,Indiana Pacers,New Orleans Pelicans,113,114
394,2021-02-07T00:00:00.000Z,Phoenix Suns,Boston Celtics,100,91
395,2021-01-31T00:00:00.000Z,Toronto Raptors,Orlando Magic,115,102
396,2021-02-04T00:00:00.000Z,Atlanta Hawks,Utah Jazz,91,112
397,2021-02-06T00:00:00.000Z,Orlando Magic,Chicago Bulls,92,118
398,2021-02-24T00:00:00.000Z,Atlanta Hawks,Boston Celtics,127,112
399,2021-02-25T00:00:00.000Z,Brooklyn Nets,Orlando Magic,129,92
400,2021-02-08T00:00:00.000Z,Chicago Bulls,Washington Wizards,101,105
401,2021-02-26T00:00:00.000Z,Chicago Bulls,Phoenix Suns,97,106
402,2021-02-27T00:00:00.000Z,New York Knicks,Indiana Pacers,110,107
403,2021-02-09T00:00:00.000Z,Miami Heat,New York Knicks,98,96
404,2021-02-19T00:00:00.000Z,Memphis Grizzlies,Detroit Pistons,109,95
405,2021-02-10T00:00:00.000Z,Brooklyn Nets,Indiana Pacers,104,94
406,2021-02-15T00:00:00.000Z,New York Knicks,Atlanta Hawks,123,112
407,2021-02-20T00:00:00.000Z,Houston Rockets,Indiana Pacers,124,132
408,2021-01-27T00:00:00.000Z,Memphis Grizzlies,Chicago Bulls,101,90
409,2021-02-28T00:00:00.000Z,Toronto Raptors,Chicago Bulls,113,122
410,2021-02-13T00:00:00.000Z,Atlanta Hawks,Indiana Pacers,113,125
411,2021-03-04T00:00:00.000Z,Indiana Pacers,Denver Nuggets,103,113
412,2021-03-01T00:00:00.000Z,Philadelphia 76ers,Indiana Pacers,130,114
413,2021-03-02T00:00:00.000Z,Boston Celtics,LA Clippers,117,112
414,2021-03-03T00:00:00.000Z,Orlando Magic,Atlanta Hawks,112,115
415,2021-02-17T00:00:00.000Z,Cleveland Cavaliers,San Antonio Spurs,110,116
416,2021-02-16T00:00:00.000Z,Detroit Pistons,San Antonio Spurs,99,109
417,2021-02-26T00:00:00.000Z,Los Angeles Lakers,Portland Trail Blazers,102,93
418,2020-12-31T00:00:00.000Z,Oklahoma City Thunder,New Orleans Pelicans,80,113
419,2021-01-21T00:00:00.000Z,Milwaukee Bucks,Los Angeles Lakers,106,113
420,2021-01-06T00:00:00.000Z,Phoenix Suns,Toronto Raptors,123,115
421,2021-02-07T00:00:00.000Z,Indiana Pacers,Utah Jazz,95,103
422,2021-01-03T00:00:00.000Z,Chicago Bulls,Dallas Mavericks,118,108
423,2021-01-28T00:00:00.000Z,Phoenix Suns,Golden State Warriors,114,93
424,2021-01-29T00:00:00.000Z,New York Knicks,Cleveland Cavaliers,102,81
425,2020-12-29T00:00:00.000Z,Sacramento Kings,Denver Nuggets,125,115
426,2021-02-28T00:00:00.000Z,Sacramento Kings,Charlotte Hornets,126,127
427,2021-02-08T00:00:00.000Z,Dallas Mavericks,Minnesota Timberwolves,127,122
428,2021-01-22T00:00:00.000Z,Indiana Pacers,Orlando Magic,120,118
429,2021-01-22T00:00:00.000Z,LA Clippers,Oklahoma City Thunder,120,106
430,2021-01-02T00:00:00.000Z,New Orleans Pelicans,Toronto Raptors,120,116
431,2021-01-07T00:00:00.000Z,Portland Trail Blazers,Minnesota Timberwolves,135,117
432,2021-01-01T00:00:00.000Z,San Antonio Spurs,Los Angeles Lakers,103,109
433,2021-01-27T00:00:00.000Z,Miami Heat,Denver Nuggets,82,109
434,2021-01-27T00:00:00.000Z,Phoenix Suns,Oklahoma City Thunder,97,102
435,2020-12-30T00:00:00.000Z,Boston Celtics,Memphis Grizzlies,126,107
436,2021-02-18T00:00:00.000Z,Los Angeles Lakers,Brooklyn Nets,98,109
437,2021-01-20T00:00:00.000Z,Philadelphia 76ers,Boston Celtics,117,109
438,2021-01-04T00:00:00.000Z,New Orleans Pelicans,Indiana Pacers,116,118
439,2021-01-18T00:00:00.000Z,Los Angeles Lakers,Golden State Warriors,113,115
440,2021-02-10T00:00:00.000Z,Denver Nuggets,Cleveland Cavaliers,133,95
441,2021-01-23T00:00:00.000Z,Brooklyn Nets,Miami Heat,128,124
442,2021-02-09T00:00:00.000Z,Portland Trail Blazers,Orlando Magic,106,97
443,2021-03-03T00:00:00.000Z,Sacramento Kings,Los Angeles Lakers,123,120
444,2021-01-08T00:00:00.000Z,Houston Rockets,Orlando Magic,132,90
445,2021-01-24T00:00:00.000Z,San Antonio Spurs,Washington Wizards,121,101
446,2021-02-19T00:00:00.000Z,Philadelphia 76ers,Chicago Bulls,112,105
447,2021-02-12T00:00:00.000Z,Utah Jazz,Milwaukee Bucks,129,115
448,2021-01-25T00:00:00.000Z,Cleveland Cavaliers,Los Angeles Lakers,108,115
449,2021-02-02T00:00:00.000Z,Orlando Magic,Toronto Raptors,108,123
450,2021-02-03T00:00:00.000Z,Miami Heat,Washington Wizards,100,103
451,2021-02-14T00:00:00.000Z,Phoenix Suns,Orlando Magic,109,90
452,2021-02-21T00:00:00.000Z,Milwaukee Bucks,Sacramento Kings,128,115
453,2021-02-20T00:00:00.000Z,Portland Trail Blazers,Washington Wizards,111,118
454,2021-02-01T00:00:00.000Z,Denver Nuggets,Detroit Pistons,134,119
455,2021-02-06T00:00:00.000Z,Dallas Mavericks,Golden State Warriors,134,132
456,2021-02-17T00:00:00.000Z,Dallas Mavericks,Detroit Pistons,127,117
457,2021-02-23T00:00:00.000Z,Denver Nuggets,Portland Trail Blazers,111,106
458,2021-02-24T00:00:00.000Z,Utah Jazz,Los Angeles Lakers,114,89
459,2021-01-20T00:00:00.000Z,Portland Trail Blazers,Memphis Grizzlies,128,130
460,2021-01-15T00:00:00.000Z,Minnesota Timberwolves,Memphis Grizzlies,135,139
461,2021-01-11T00:00:00.000Z,Cleveland Cavaliers,Memphis Grizzlies,91,101
462,2021-01-21T00:00:00.000Z,Utah Jazz,New Orleans Pelicans,129,118
463,2021-02-10T00:00:00.000Z,Dallas Mavericks,Atlanta Hawks,118,117
464,2020-12-30T00:00:00.000Z,San Antonio Spurs,Los Angeles Lakers,107,121
465,2021-01-09T00:00:00.000Z,Minnesota Timberwolves,San Antonio Spurs,122,125
466,2020-12-31T00:00:00.000Z,Orlando Magic,Philadelphia 76ers,92,116
467,2021-01-29T00:00:00.000Z,Oklahoma City Thunder,Brooklyn Nets,125,147
468,2021-01-27T00:00:00.000Z,Cleveland Cavaliers,Detroit Pistons,122,107
469,2021-01-20T00:00:00.000Z,LA Clippers,Sacramento Kings,115,96
470,2021-01-06T00:00:00.000Z,Miami Heat,Boston Celtics,105,107
471,2021-01-04T00:00:00.000Z,Golden State Warriors,Sacramento Kings,137,106
472,2021-01-06T00:00:00.000Z,Sacramento Kings,Chicago Bulls,128,124
473,2021-01-25T00:00:00.000Z,Chicago Bulls,Boston Celtics,103,119
474,2021-02-16T00:00:00.000Z,Phoenix Suns,Brooklyn Nets,124,128
475,2021-01-15T00:00:00.000Z,Boston Celtics,Orlando Magic,124,97
476,2021-02-06T00:00:00.000Z,Oklahoma City Thunder,Minnesota Timberwolves,120,118
477,2021-01-24T00:00:00.000Z,Boston Celtics,Cleveland Cavaliers,141,103
478,2021-02-08T00:00:00.000Z,Phoenix Suns,Cleveland Cavaliers,119,113
479,2021-02-26T00:00:00.000Z,Memphis Grizzlies,LA Clippers,99,119
480,2021-01-01T00:00:00.000Z,Detroit Pistons,Boston Celtics,96,93
481,2021-01-05T00:00:00.000Z,Brooklyn Nets,Utah Jazz,130,96
482,2021-01-07T00:00:00.000Z,Brooklyn Nets,Philadelphia 76ers,122,109
483,2021-02-20T00:00:00.000Z,Chicago Bulls,Sacramento Kings,122,114
484,2021-02-22T00:00:00.000Z,Oklahoma City Thunder,Miami Heat,94,108
485,2021-02-24T00:00:00.000Z,Chicago Bulls,Minnesota Timberwolves,133,126
486,2021-01-17T00:00:00.000Z,Sacramento Kings,New Orleans Pelicans,123,128
487,2021-01-23T00:00:00.000Z,Phoenix Suns,Denver Nuggets,112,120
488,2021-03-01T00:00:00.000Z,New Orleans Pelicans,Utah Jazz,129,124
489,2021-01-08T00:00:00.000Z,New Orleans Pelicans,Charlotte Hornets,110,118
490,2021-02-12T00:00:00.000Z,Boston Celtics,Toronto Raptors,120,106
491,2021-02-11T00:00:00.000Z,Portland Trail Blazers,Philadelphia 76ers,118,114
492,2021-01-31T00:00:00.000Z,Indiana Pacers,Philadelphia 76ers,110,119
493,2021-01-18T00:00:00.000Z,New York Knicks,Orlando Magic,91,84
494,2021-01-16T00:00:00.000Z,Toronto Raptors,Charlotte Hornets,116,113
495,2021-02-13T00:00:00.000Z,Utah Jazz,Miami Heat,112,94
496,2021-01-22T00:00:00.000Z,Detroit Pistons,Houston Rockets,102,103
497,2021-02-04T00:00:00.000Z,Memphis Grizzlies,Houston Rockets,103,115
498,2021-02-17T00:00:00.000Z,Minnesota Timberwolves,Indiana Pacers,128,134
499,2021-02-17T00:00:00.000Z,LA Clippers,Utah Jazz,96,114
500,2021-01-30T00:00:00.000Z,Miami Heat,Sacramento Kings,105,104
501,2021-02-19T00:00:00.000Z,Charlotte Hornets,Denver Nuggets,112,117
502,2021-02-01T00:00:00.000Z,New Orleans Pelicans,Sacramento Kings,109,118
503,2021-01-26T00:00:00.000Z,Utah Jazz,New York Knicks,108,94
504,2021-02-09T00:00:00.000Z,New Orleans Pelicans,Houston Rockets,130,101
505,2021-02-27T00:00:00.000Z,San Antonio Spurs,New Orleans Pelicans,117,114
506,2021-02-03T00:00:00.000Z,New Orleans Pelicans,Phoenix Suns,123,101
507,2021-02-05T00:00:00.000Z,Cleveland Cavaliers,Milwaukee Bucks,105,123
508,2021-02-21T00:00:00.000Z,Orlando Magic,Detroit Pistons,105,96
509,2021-03-02T00:00:00.000Z,Los Angeles Lakers,Phoenix Suns,104,114
510,2021-02-14T00:00:00.000Z,Oklahoma City Thunder,Milwaukee Bucks,114,109
511,2021-02-23T00:00:00.000Z,Milwaukee Bucks,Minnesota Timberwolves,139,112
512,2021-02-25T00:00:00.000Z,New York Knicks,Sacramento Kings,140,121
513,2021-02-15T00:00:00.000Z,Washington Wizards,Houston Rockets,131,119
514,2021-02-18T00:00:00.000Z,Milwaukee Bucks,Toronto Raptors,96,110
515,2021-02-28T00:00:00.000Z,Minnesota Timberwolves,Phoenix Suns,99,118
516,2021-03-03T00:00:00.000Z,Dallas Mavericks,Oklahoma City Thunder,87,78
517,2021-03-04T00:00:00.000Z,Memphis Grizzlies,Milwaukee Bucks,111,112
518,2021-01-18T00:00:00.000Z,Atlanta Hawks,Minnesota Timberwolves,108,97
519,2021-01-31T00:00:00.000Z,Minnesota Timberwolves,Cleveland Cavaliers,109,104
520,2021-02-19T00:00:00.000Z,New Orleans Pelicans,Phoenix Suns,114,132
521,2021-02-05T00:00:00.000Z,Phoenix Suns,Detroit Pistons,109,92
522,2021-02-24T00:00:00.000Z,Miami Heat,Toronto Raptors,116,108
523,2020-12-31T00:00:00.000Z,Washington Wizards,Chicago Bulls,130,133
524,2020-12-30T00:00:00.000Z,Dallas Mavericks,Charlotte Hornets,99,118
525,2021-01-04T00:00:00.000Z,Atlanta Hawks,New York Knicks,108,113
526,2021-01-02T00:00:00.000Z,Atlanta Hawks,Cleveland Cavaliers,91,96
527,2021-02-28T00:00:00.000Z,Detroit Pistons,New York Knicks,90,109
528,2021-02-16T00:00:00.000Z,Memphis Grizzlies,New Orleans Pelicans,113,144
529,2021-01-22T00:00:00.000Z,Toronto Raptors,Miami Heat,101,81
530,2021-02-02T00:00:00.000Z,Golden State Warriors,Boston Celtics,107,111
531,2021-01-05T00:00:00.000Z,Denver Nuggets,Minnesota Timberwolves,123,116
532,2021-01-06T00:00:00.000Z,Philadelphia 76ers,Washington Wizards,141,136
533,2021-01-01T00:00:00.000Z,Brooklyn Nets,Atlanta Hawks,96,114
534,2021-01-16T00:00:00.000Z,Miami Heat,Detroit Pistons,100,120
535,2021-02-10T00:00:00.000Z,Chicago Bulls,New Orleans Pelicans,129,116
536,2021-01-30T00:00:00.000Z,Dallas Mavericks,Phoenix Suns,105,111
537,2021-01-08T00:00:00.000Z,Los Angeles Lakers,Chicago Bulls,117,115
538,2021-01-03T00:00:00.000Z,Minnesota Timberwolves,Denver Nuggets,109,124
539,2021-02-08T00:00:00.000Z,Memphis Grizzlies,Toronto Raptors,113,128
540,2021-02-22T00:00:00.000Z,Dallas Mavericks,Memphis Grizzlies,102,92
541,2021-01-17T00:00:00.000Z,Oklahoma City Thunder,Philadelphia 76ers,93,117
542,2021-02-12T00:00:00.000Z,Atlanta Hawks,San Antonio Spurs,114,125
543,2021-01-09T00:00:00.000Z,Washington Wizards,Miami Heat,124,128
544,2021-01-27T00:00:00.000Z,Philadelphia 76ers,Los Angeles Lakers,107,106
545,2021-02-25T00:00:00.000Z,Memphis Grizzlies,LA Clippers,122,94
546,2021-01-20T00:00:00.000Z,Minnesota Timberwolves,Orlando Magic,96,97
547,2021-02-06T00:00:00.000Z,Atlanta Hawks,Toronto Raptors,132,121
548,2021-01-10T00:00:00.000Z,LA Clippers,Chicago Bulls,130,127
549,2021-01-11T00:00:00.000Z,Atlanta Hawks,Philadelphia 76ers,112,94
550,2021-02-01T00:00:00.000Z,Miami Heat,Charlotte Hornets,121,129
551,2021-02-20T00:00:00.000Z,Los Angeles Lakers,Miami Heat,94,96
552,2021-01-29T00:00:00.000Z,Minnesota Timberwolves,Philadelphia 76ers,94,118
553,2021-03-01T00:00:00.000Z,Portland Trail Blazers,Charlotte Hornets,123,111
554,2021-01-25T00:00:00.000Z,Golden State Warriors,Minnesota Timberwolves,130,108
555,2021-02-14T00:00:00.000Z,Denver Nuggets,Los Angeles Lakers,122,105
556,2021-02-11T00:00:00.000Z,Golden State Warriors,Orlando Magic,111,105
557,2021-02-03T00:00:00.000Z,Milwaukee Bucks,Indiana Pacers,130,110
558,2021-02-09T00:00:00.000Z,Sacramento Kings,Philadelphia 76ers,111,119
559,2021-02-07T00:00:00.000Z,LA Clippers,Sacramento Kings,110,113
560,2021-02-26T00:00:00.000Z,Toronto Raptors,Houston Rockets,122,111
561,2021-02-23T00:00:00.000Z,Orlando Magic,Detroit Pistons,93,105
562,2021-02-15T00:00:00.000Z,LA Clippers,Miami Heat,125,118
563,2021-02-17T00:00:00.000Z,Washington Wizards,Denver Nuggets,130,128
564,2021-02-21T00:00:00.000Z,Toronto Raptors,Philadelphia 76ers,110,103
565,2021-03-02T00:00:00.000Z,San Antonio Spurs,New York Knicks,119,93
566,2021-02-27T00:00:00.000Z,Washington Wizards,Minnesota Timberwolves,128,112
567,2021-03-03T00:00:00.000Z,Houston Rockets,Brooklyn Nets,114,132
568,2021-01-15T00:00:00.000Z,Phoenix Suns,Golden State Warriors,120,98
569,2021-03-04T00:00:00.000Z,New Orleans Pelicans,Miami Heat,93,103
570,2021-01-04T00:00:00.000Z,Houston Rockets,Dallas Mavericks,100,113
571,2021-02-23T00:00:00.000Z,Dallas Mavericks,Boston Celtics,110,107
572,2021-01-13T00:00:00.000Z,Charlotte Hornets,Dallas Mavericks,93,104
573,2021-01-15T00:00:00.000Z,Los Angeles Lakers,New Orleans Pelicans,112,95
574,2021-01-20T00:00:00.000Z,Indiana Pacers,Dallas Mavericks,112,124
575,2021-02-19T00:00:00.000Z,LA Clippers,Utah Jazz,116,112
576,2021-01-29T00:00:00.000Z,Toronto Raptors,Sacramento Kings,124,126
577,2021-02-26T00:00:00.000Z,Golden State Warriors,Charlotte Hornets,130,121
578,2021-02-21T00:00:00.000Z,Atlanta Hawks,Denver Nuggets,123,115
579,2021-01-24T00:00:00.000Z,Milwaukee Bucks,Atlanta Hawks,129,115
580,2021-02-14T00:00:00.000Z,LA Clippers,Cleveland Cavaliers,128,111
581,2021-02-06T00:00:00.000Z,Houston Rockets,San Antonio Spurs,106,111
582,2021-01-09T00:00:00.000Z,Sacramento Kings,Portland Trail Blazers,99,125
583,2021-02-01T00:00:00.000Z,San Antonio Spurs,Memphis Grizzlies,102,133
584,2021-01-08T00:00:00.000Z,New York Knicks,Oklahoma City Thunder,89,101
585,2021-01-18T00:00:00.000Z,Chicago Bulls,Houston Rockets,125,120
586,2020-12-31T00:00:00.000Z,Utah Jazz,Phoenix Suns,95,106
587,2021-01-10T00:00:00.000Z,Houston Rockets,Los Angeles Lakers,102,120
588,2021-01-11T00:00:00.000Z,Portland Trail Blazers,Toronto Raptors,112,111
589,2021-01-07T00:00:00.000Z,Los Angeles Lakers,San Antonio Spurs,109,118
590,2021-01-06T00:00:00.000Z,New Orleans Pelicans,Oklahoma City Thunder,110,111
591,2021-01-01T00:00:00.000Z,Minnesota Timberwolves,Washington Wizards,109,130
592,2021-02-03T00:00:00.000Z,Atlanta Hawks,Dallas Mavericks,116,122
593,2021-01-03T00:00:00.000Z,Golden State Warriors,Portland Trail Blazers,137,122
594,2021-01-22T00:00:00.000Z,Portland Trail Blazers,Memphis Grizzlies,113,120
595,2021-02-28T00:00:00.000Z,Los Angeles Lakers,Golden State Warriors,117,91
596,2021-02-05T00:00:00.000Z,Miami Heat,Washington Wizards,122,95
597,2021-02-22T00:00:00.000Z,Los Angeles Lakers,Washington Wizards,124,127
598,2021-01-27T00:00:00.000Z,San Antonio Spurs,Boston Celtics,110,106
599,2021-01-25T00:00:00.000Z,Memphis Grizzlies,Sacramento Kings,107,106
600,2021-01-23T00:00:00.000Z,Detroit Pistons,Philadelphia 76ers,110,114
601,2021-02-24T00:00:00.000Z,Oklahoma City Thunder,San Antonio Spurs,102,99
602,2021-02-17T00:00:00.000Z,New Orleans Pelicans,Portland Trail Blazers,124,126
603,2021-02-02T00:00:00.000Z,Indiana Pacers,Memphis Grizzlies,134,116
604,2021-02-12T00:00:00.000Z,Portland Trail Blazers,Cleveland Cavaliers,129,110
605,2021-01-22T00:00:00.000Z,Milwaukee Bucks,Washington Wizards,135,134
606,2021-03-03T00:00:00.000Z,Portland Trail Blazers,Golden State Warriors,108,106
607,2021-02-20T00:00:00.000Z,New York Knicks,San Antonio Spurs,102,98
608,2021-01-20T00:00:00.000Z,Cleveland Cavaliers,Brooklyn Nets,147,135
609,2021-01-08T00:00:00.000Z,Memphis Grizzlies,Brooklyn Nets,115,110
610,2021-01-25T00:00:00.000Z,New Orleans Pelicans,San Antonio Spurs,108,110
611,2021-02-19T00:00:00.000Z,Orlando Magic,Golden State Warriors,124,120
612,2021-01-29T00:00:00.000Z,Utah Jazz,Dallas Mavericks,120,101
613,2021-01-10T00:00:00.000Z,Golden State Warriors,Toronto Raptors,106,105
614,2021-01-11T00:00:00.000Z,Sacramento Kings,Indiana Pacers,127,122
615,2021-01-15T00:00:00.000Z,Sacramento Kings,LA Clippers,100,138
616,2021-02-07T00:00:00.000Z,Charlotte Hornets,Portland Trail Blazers,109,101
617,2021-01-25T00:00:00.000Z,Portland Trail Blazers,Oklahoma City Thunder,122,125
618,2021-01-26T00:00:00.000Z,Atlanta Hawks,LA Clippers,108,99
619,2021-01-06T00:00:00.000Z,Golden State Warriors,LA Clippers,101,108
620,2021-02-12T00:00:00.000Z,Los Angeles Lakers,Memphis Grizzlies,115,105
621,2021-02-10T00:00:00.000Z,Phoenix Suns,Milwaukee Bucks,125,124
622,2021-02-08T00:00:00.000Z,San Antonio Spurs,Golden State Warriors,105,100
623,2021-01-16T00:00:00.000Z,San Antonio Spurs,Houston Rockets,103,91
624,2021-01-09T00:00:00.000Z,Milwaukee Bucks,Cleveland Cavaliers,100,90
625,2021-01-17T00:00:00.000Z,LA Clippers,Indiana Pacers,129,96
626,2021-01-18T00:00:00.000Z,Brooklyn Nets,Milwaukee Bucks,125,123
627,2021-01-19T00:00:00.000Z,Denver Nuggets,Oklahoma City Thunder,119,101
628,2021-01-01T00:00:00.000Z,Golden State Warriors,Portland Trail Blazers,98,123
629,2021-01-30T00:00:00.000Z,Charlotte Hornets,Milwaukee Bucks,126,114
630,2021-02-05T00:00:00.000Z,LA Clippers,Boston Celtics,115,119
631,2021-02-01T00:00:00.000Z,Dallas Mavericks,Phoenix Suns,108,109
632,2021-01-22T00:00:00.000Z,Phoenix Suns,Denver Nuggets,126,130
633,2021-01-23T00:00:00.000Z,Minnesota Timberwolves,New Orleans Pelicans,120,110
634,2021-02-03T00:00:00.000Z,Sacramento Kings,Boston Celtics,116,111
635,2021-01-27T00:00:00.000Z,Orlando Magic,Sacramento Kings,107,121
636,2021-02-18T00:00:00.000Z,Sacramento Kings,Miami Heat,110,118
637,2021-02-17T00:00:00.000Z,Golden State Warriors,Miami Heat,120,112
638,2021-02-06T00:00:00.000Z,New York Knicks,Portland Trail Blazers,110,99
639,2021-02-06T00:00:00.000Z,Los Angeles Lakers,Detroit Pistons,135,129
640,2021-01-24T00:00:00.000Z,Memphis Grizzlies,Sacramento Kings,116,110
641,2021-02-28T00:00:00.000Z,Houston Rockets,Memphis Grizzlies,84,133
642,2021-02-08T00:00:00.000Z,Los Angeles Lakers,Oklahoma City Thunder,119,112
643,2021-01-30T00:00:00.000Z,San Antonio Spurs,Memphis Grizzlies,112,129
644,2021-02-23T00:00:00.000Z,LA Clippers,Washington Wizards,135,116
645,2021-01-03T00:00:00.000Z,San Antonio Spurs,Utah Jazz,109,130
646,2021-02-15T00:00:00.000Z,Utah Jazz,Philadelphia 76ers,134,123
647,2021-01-05T00:00:00.000Z,Portland Trail Blazers,Chicago Bulls,108,111
648,2021-02-14T00:00:00.000Z,Sacramento Kings,Memphis Grizzlies,110,124
649,2021-02-04T00:00:00.000Z,Dallas Mavericks,Golden State Warriors,116,147
650,2021-03-01T00:00:00.000Z,San Antonio Spurs,Brooklyn Nets,113,124
651,2021-01-20T00:00:00.000Z,Golden State Warriors,San Antonio Spurs,121,99
652,2021-01-02T00:00:00.000Z,Indiana Pacers,New York Knicks,102,106
653,2021-01-01T00:00:00.000Z,Utah Jazz,LA Clippers,106,100
654,2021-01-31T00:00:00.000Z,Washington Wizards,Brooklyn Nets,149,146
655,2021-02-09T00:00:00.000Z,San Antonio Spurs,Golden State Warriors,91,114
656,2021-01-06T00:00:00.000Z,Atlanta Hawks,Charlotte Hornets,94,102
657,2021-01-24T00:00:00.000Z,Portland Trail Blazers,New York Knicks,116,113
658,2021-02-10T00:00:00.000Z,Minnesota Timberwolves,LA Clippers,112,119
659,2021-02-01T00:00:00.000Z,Milwaukee Bucks,Portland Trail Blazers,134,106
660,2021-01-28T00:00:00.000Z,Miami Heat,LA Clippers,105,109
661,2021-02-05T00:00:00.000Z,Brooklyn Nets,Toronto Raptors,117,123
662,2021-01-04T00:00:00.000Z,Milwaukee Bucks,Detroit Pistons,125,115
663,2021-01-25T00:00:00.000Z,Orlando Magic,Charlotte Hornets,117,108
664,2021-01-16T00:00:00.000Z,Portland Trail Blazers,Atlanta Hawks,112,106
665,2021-02-24T00:00:00.000Z,Cleveland Cavaliers,Houston Rockets,112,96
666,2021-01-15T00:00:00.000Z,Utah Jazz,Atlanta Hawks,116,92
667,2021-02-06T00:00:00.000Z,New Orleans Pelicans,Memphis Grizzlies,118,109
668,2021-01-27T00:00:00.000Z,Toronto Raptors,Milwaukee Bucks,108,115
669,2021-01-27T00:00:00.000Z,Golden State Warriors,Minnesota Timberwolves,123,111
670,2021-01-08T00:00:00.000Z,Sacramento Kings,Toronto Raptors,123,144
671,2021-02-17T00:00:00.000Z,Orlando Magic,New York Knicks,107,89
672,2021-02-16T00:00:00.000Z,Minnesota Timberwolves,Los Angeles Lakers,104,112
673,2021-01-22T00:00:00.000Z,Minnesota Timberwolves,Atlanta Hawks,98,116
674,2021-01-29T00:00:00.000Z,Orlando Magic,LA Clippers,90,116
675,2021-02-25T00:00:00.000Z,Milwaukee Bucks,New Orleans Pelicans,129,125
676,2021-01-17T00:00:00.000Z,Dallas Mavericks,Chicago Bulls,101,117
677,2021-02-12T00:00:00.000Z,Dallas Mavericks,New Orleans Pelicans,143,130
678,2021-01-18T00:00:00.000Z,Portland Trail Blazers,San Antonio Spurs,104,125
679,2021-02-19T00:00:00.000Z,Milwaukee Bucks,Oklahoma City Thunder,98,85
680,2021-02-26T00:00:00.000Z,Boston Celtics,Indiana Pacers,118,112
681,2021-02-03T00:00:00.000Z,Chicago Bulls,New York Knicks,103,107
682,2021-02-27T00:00:00.000Z,Orlando Magic,Utah Jazz,109,124
683,2021-03-02T00:00:00.000Z,Toronto Raptors,Detroit Pistons,105,129
684,2021-03-03T00:00:00.000Z,New Orleans Pelicans,Chicago Bulls,124,128
685,2021-03-04T00:00:00.000Z,Portland Trail Blazers,Sacramento Kings,123,119
686,2021-01-12T00:00:00.000Z,Oklahoma City Thunder,San Antonio Spurs,102,112
687,2021-01-14T00:00:00.000Z,Portland Trail Blazers,Indiana Pacers,87,111
688,2021-02-14T00:00:00.000Z,Detroit Pistons,New Orleans Pelicans,123,112
689,2021-05-18T00:00:00.000Z,Boston Celtics,Washington Wizards,118,100
690,2021-01-12T00:00:00.000Z,Cleveland Cavaliers,Utah Jazz,87,117
691,2021-02-14T00:00:00.000Z,Washington Wizards,Boston Celtics,104,91
692,2021-05-18T00:00:00.000Z,Indiana Pacers,Charlotte Hornets,144,117
693,2021-02-17T00:00:00.000Z,Chicago Bulls,Detroit Pistons,105,102
694,2021-01-12T00:00:00.000Z,Chicago Bulls,Boston Celtics,121,99
695,2021-05-19T00:00:00.000Z,Los Angeles Lakers,Golden State Warriors,103,100
696,2021-01-12T00:00:00.000Z,Brooklyn Nets,Denver Nuggets,122,116
697,2021-02-17T00:00:00.000Z,Memphis Grizzlies,Oklahoma City Thunder,122,113
698,2021-05-19T00:00:00.000Z,Memphis Grizzlies,San Antonio Spurs,100,96
699,2021-01-12T00:00:00.000Z,Golden State Warriors,Indiana Pacers,95,104
700,2021-02-19T00:00:00.000Z,Cleveland Cavaliers,Denver Nuggets,103,120
701,2021-01-13T00:00:00.000Z,Washington Wizards,Utah Jazz,131,122
702,2021-05-20T00:00:00.000Z,Washington Wizards,Indiana Pacers,142,115
703,2021-01-12T00:00:00.000Z,Philadelphia 76ers,Miami Heat,137,134
704,2021-03-04T00:00:00.000Z,New York Knicks,Detroit Pistons,114,104
705,2021-05-21T00:00:00.000Z,Golden State Warriors,Memphis Grizzlies,112,117
706,2021-01-13T00:00:00.000Z,Boston Celtics,Orlando Magic,112,96
707,2021-01-13T00:00:00.000Z,Phoenix Suns,Atlanta Hawks,117,110
708,2021-01-12T00:00:00.000Z,Houston Rockets,Los Angeles Lakers,100,117
709,2021-01-14T00:00:00.000Z,Denver Nuggets,Golden State Warriors,114,104
710,2021-05-22T00:00:00.000Z,LA Clippers,Dallas Mavericks,103,113
711,2021-05-22T00:00:00.000Z,Milwaukee Bucks,Miami Heat,109,107
712,2021-05-22T00:00:00.000Z,Denver Nuggets,Portland Trail Blazers,109,123
713,2021-05-22T00:00:00.000Z,Brooklyn Nets,Boston Celtics,104,93
714,2021-01-14T00:00:00.000Z,Toronto Raptors,Charlotte Hornets,111,108
715,2021-05-23T00:00:00.000Z,Philadelphia 76ers,Washington Wizards,125,118
716,2021-01-14T00:00:00.000Z,Philadelphia 76ers,Miami Heat,125,108
717,2021-05-23T00:00:00.000Z,Utah Jazz,Memphis Grizzlies,109,112
718,2021-01-14T00:00:00.000Z,San Antonio Spurs,Houston Rockets,105,109
719,2021-05-23T00:00:00.000Z,Phoenix Suns,Los Angeles Lakers,99,90
720,2021-02-02T00:00:00.000Z,Washington Wizards,Portland Trail Blazers,121,132
721,2021-05-23T00:00:00.000Z,New York Knicks,Atlanta Hawks,105,107
722,2021-05-24T00:00:00.000Z,Denver Nuggets,Portland Trail Blazers,128,109
723,2021-05-24T00:00:00.000Z,Milwaukee Bucks,Miami Heat,132,98
724,2021-05-25T00:00:00.000Z,Brooklyn Nets,Boston Celtics,130,108
725,2021-05-25T00:00:00.000Z,LA Clippers,Dallas Mavericks,121,127
726,2021-05-25T00:00:00.000Z,Phoenix Suns,Los Angeles Lakers,102,109
727,2021-05-26T00:00:00.000Z,New York Knicks,Atlanta Hawks,101,92
728,2021-05-26T00:00:00.000Z,Utah Jazz,Memphis Grizzlies,141,129
729,2021-05-26T00:00:00.000Z,Philadelphia 76ers,Washington Wizards,120,95
730,2021-05-27T00:00:00.000Z,Portland Trail Blazers,Denver Nuggets,115,120
731,2021-05-27T00:00:00.000Z,Los Angeles Lakers,Phoenix Suns,109,95
732,2021-05-27T00:00:00.000Z,Miami Heat,Milwaukee Bucks,84,113
733,2021-05-28T00:00:00.000Z,Atlanta Hawks,New York Knicks,105,94
734,2021-05-28T00:00:00.000Z,Boston Celtics,Brooklyn Nets,125,119
735,2021-05-28T00:00:00.000Z,Dallas Mavericks,LA Clippers,108,118
736,2021-01-13T00:00:00.000Z,LA Clippers,New Orleans Pelicans,111,106
737,2021-05-29T00:00:00.000Z,Portland Trail Blazers,Denver Nuggets,0,0
738,2021-05-29T00:00:00.000Z,Memphis Grizzlies,Utah Jazz,0,0
739,2021-05-29T00:00:00.000Z,Washington Wizards,Philadelphia 76ers,0,0
740,2021-05-29T00:00:00.000Z,Miami Heat,Milwaukee Bucks,103,120
741,2021-01-13T00:00:00.000Z,New York Knicks,Brooklyn Nets,109,116
742,2021-01-13T00:00:00.000Z,Sacramento Kings,Portland Trail Blazers,126,132
743,2021-01-13T00:00:00.000Z,Minnesota Timberwolves,Memphis Grizzlies,107,118
744,2021-01-13T00:00:00.000Z,Oklahoma City Thunder,Los Angeles Lakers,99,128
745,2021-05-12T00:00:00.000Z,Los Angeles Lakers,Houston Rockets,124,122
746,2021-03-26T00:00:00.000Z,Charlotte Hornets,Miami Heat,110,105
747,2021-04-12T00:00:00.000Z,Utah Jazz,Washington Wizards,121,125
748,2021-03-17T00:00:00.000Z,Houston Rockets,Golden State Warriors,94,108
749,2021-04-09T00:00:00.000Z,New Orleans Pelicans,Philadelphia 76ers,101,94
750,2021-04-05T00:00:00.000Z,Oklahoma City Thunder,Detroit Pistons,108,132
751,2021-05-05T00:00:00.000Z,Utah Jazz,San Antonio Spurs,126,94
752,2021-03-25T00:00:00.000Z,San Antonio Spurs,LA Clippers,85,98
753,2021-05-07T00:00:00.000Z,Utah Jazz,Denver Nuggets,127,120
754,2021-04-02T00:00:00.000Z,Portland Trail Blazers,Milwaukee Bucks,109,127
755,2021-04-30T00:00:00.000Z,Phoenix Suns,Utah Jazz,121,100
756,2021-04-18T00:00:00.000Z,Toronto Raptors,Oklahoma City Thunder,112,106
757,2021-03-16T00:00:00.000Z,Houston Rockets,Atlanta Hawks,107,119
758,2021-04-24T00:00:00.000Z,Utah Jazz,Minnesota Timberwolves,96,101
759,2021-03-24T00:00:00.000Z,Utah Jazz,Brooklyn Nets,118,88
760,2021-03-15T00:00:00.000Z,Golden State Warriors,Los Angeles Lakers,97,128
761,2021-03-21T00:00:00.000Z,Houston Rockets,Oklahoma City Thunder,112,114
762,2021-04-27T00:00:00.000Z,Boston Celtics,Oklahoma City Thunder,115,119
763,2021-03-14T00:00:00.000Z,Golden State Warriors,Utah Jazz,131,119
764,2021-03-13T00:00:00.000Z,Charlotte Hornets,Toronto Raptors,114,104
765,2021-04-11T00:00:00.000Z,Dallas Mavericks,San Antonio Spurs,117,119
766,2021-03-31T00:00:00.000Z,San Antonio Spurs,Sacramento Kings,120,106
767,2021-03-10T00:00:00.000Z,Memphis Grizzlies,Washington Wizards,127,112
768,2021-03-12T00:00:00.000Z,San Antonio Spurs,Orlando Magic,104,77
769,2021-03-11T00:00:00.000Z,Brooklyn Nets,Boston Celtics,121,109
770,2021-03-11T00:00:00.000Z,Chicago Bulls,Philadelphia 76ers,105,127
771,2021-03-11T00:00:00.000Z,Toronto Raptors,Atlanta Hawks,120,121
772,2021-03-11T00:00:00.000Z,New Orleans Pelicans,Minnesota Timberwolves,105,135
773,2021-04-08T00:00:00.000Z,LA Clippers,Phoenix Suns,113,103
774,2021-04-04T00:00:00.000Z,Philadelphia 76ers,Memphis Grizzlies,100,116
775,2021-03-20T00:00:00.000Z,Los Angeles Lakers,Atlanta Hawks,94,99
776,2021-03-29T00:00:00.000Z,San Antonio Spurs,Sacramento Kings,115,132
777,2021-04-21T00:00:00.000Z,San Antonio Spurs,Miami Heat,87,107
778,2021-04-17T00:00:00.000Z,Los Angeles Lakers,Utah Jazz,127,115
779,2021-05-16T00:00:00.000Z,New York Knicks,Boston Celtics,96,92
780,2021-03-19T00:00:00.000Z,Phoenix Suns,Minnesota Timberwolves,113,101
781,2021-03-27T00:00:00.000Z,LA Clippers,Philadelphia 76ers,122,112
782,2021-05-11T00:00:00.000Z,Sacramento Kings,Oklahoma City Thunder,122,106
783,2021-04-23T00:00:00.000Z,Oklahoma City Thunder,Washington Wizards,109,129
784,2021-04-10T00:00:00.000Z,Phoenix Suns,Washington Wizards,134,106
785,2021-04-06T00:00:00.000Z,Golden State Warriors,Milwaukee Bucks,122,121
786,2021-04-03T00:00:00.000Z,Detroit Pistons,New York Knicks,81,125
787,2021-04-15T00:00:00.000Z,Los Angeles Lakers,Boston Celtics,113,121
788,2021-05-06T00:00:00.000Z,Toronto Raptors,Washington Wizards,129,131
789,2021-04-25T00:00:00.000Z,Golden State Warriors,Sacramento Kings,117,113
790,2021-04-19T00:00:00.000Z,Denver Nuggets,Memphis Grizzlies,139,137
791,2021-04-26T00:00:00.000Z,New York Knicks,Phoenix Suns,110,118
792,2021-04-26T00:00:00.000Z,Sacramento Kings,Dallas Mavericks,113,106
793,2021-04-16T00:00:00.000Z,Utah Jazz,Indiana Pacers,119,111
794,2021-04-16T00:00:00.000Z,Dallas Mavericks,New York Knicks,109,117
795,2021-05-01T00:00:00.000Z,Oklahoma City Thunder,Indiana Pacers,95,152
796,2021-04-28T00:00:00.000Z,Miami Heat,San Antonio Spurs,116,111
797,2021-04-22T00:00:00.000Z,San Antonio Spurs,Detroit Pistons,106,91
798,2021-03-10T00:00:00.000Z,Dallas Mavericks,San Antonio Spurs,115,104
799,2021-04-03T00:00:00.000Z,Utah Jazz,Orlando Magic,137,91
800,2021-03-31T00:00:00.000Z,Boston Celtics,Dallas Mavericks,108,113
801,2021-03-29T00:00:00.000Z,Oklahoma City Thunder,Dallas Mavericks,106,127
802,2021-03-17T00:00:00.000Z,Chicago Bulls,San Antonio Spurs,99,106
803,2021-03-15T00:00:00.000Z,Phoenix Suns,Memphis Grizzlies,122,99
804,2021-03-22T00:00:00.000Z,Cleveland Cavaliers,Sacramento Kings,105,119
805,2021-04-05T00:00:00.000Z,Toronto Raptors,Washington Wizards,103,101
806,2021-03-13T00:00:00.000Z,Washington Wizards,Milwaukee Bucks,119,125
807,2021-03-24T00:00:00.000Z,Milwaukee Bucks,Boston Celtics,121,119
808,2021-03-12T00:00:00.000Z,Memphis Grizzlies,Denver Nuggets,102,103
809,2021-03-11T00:00:00.000Z,Charlotte Hornets,Detroit Pistons,105,102
810,2021-03-11T00:00:00.000Z,Miami Heat,Orlando Magic,111,103
811,2021-03-11T00:00:00.000Z,Milwaukee Bucks,New York Knicks,134,101
812,2021-03-11T00:00:00.000Z,Sacramento Kings,Houston Rockets,125,105
813,2021-03-14T00:00:00.000Z,Atlanta Hawks,Cleveland Cavaliers,100,82
814,2021-04-07T00:00:00.000Z,Brooklyn Nets,New Orleans Pelicans,139,111
815,2021-05-07T00:00:00.000Z,Milwaukee Bucks,Houston Rockets,141,133
816,2021-04-09T00:00:00.000Z,Cleveland Cavaliers,Toronto Raptors,115,135
817,2021-03-21T00:00:00.000Z,Phoenix Suns,Los Angeles Lakers,111,94
818,2021-04-02T00:00:00.000Z,Phoenix Suns,Oklahoma City Thunder,140,103
819,2021-04-10T00:00:00.000Z,Portland Trail Blazers,Detroit Pistons,118,103
820,2021-05-06T00:00:00.000Z,Golden State Warriors,Oklahoma City Thunder,118,97
821,2021-04-08T00:00:00.000Z,Dallas Mavericks,Milwaukee Bucks,116,101
822,2021-05-03T00:00:00.000Z,Utah Jazz,San Antonio Spurs,110,99
823,2021-04-30T00:00:00.000Z,Memphis Grizzlies,Orlando Magic,92,75
824,2021-04-12T00:00:00.000Z,Golden State Warriors,Denver Nuggets,116,107
825,2021-03-26T00:00:00.000Z,Utah Jazz,Memphis Grizzlies,117,114
826,2021-05-13T00:00:00.000Z,Miami Heat,Philadelphia 76ers,106,94
827,2021-04-28T00:00:00.000Z,Denver Nuggets,New Orleans Pelicans,114,112
828,2021-05-14T00:00:00.000Z,Houston Rockets,LA Clippers,122,115
829,2021-04-04T00:00:00.000Z,Denver Nuggets,Orlando Magic,119,109
830,2021-04-06T00:00:00.000Z,Miami Heat,Memphis Grizzlies,112,124
831,2021-03-16T00:00:00.000Z,Boston Celtics,Utah Jazz,109,117
832,2021-04-25T00:00:00.000Z,Atlanta Hawks,Milwaukee Bucks,111,104
833,2021-04-23T00:00:00.000Z,Houston Rockets,LA Clippers,104,109
834,2021-03-19T00:00:00.000Z,Denver Nuggets,Chicago Bulls,131,127
835,2021-03-30T00:00:00.000Z,LA Clippers,Orlando Magic,96,103
836,2021-03-27T00:00:00.000Z,New Orleans Pelicans,Dallas Mavericks,112,103
837,2021-04-21T00:00:00.000Z,LA Clippers,Memphis Grizzlies,117,105
838,2021-03-23T00:00:00.000Z,Portland Trail Blazers,Brooklyn Nets,112,116
839,2021-04-16T00:00:00.000Z,Minnesota Timberwolves,Miami Heat,119,111
840,2021-04-26T00:00:00.000Z,Toronto Raptors,Cleveland Cavaliers,112,96
841,2021-04-11T00:00:00.000Z,New York Knicks,Toronto Raptors,102,96
842,2021-05-01T00:00:00.000Z,Atlanta Hawks,Chicago Bulls,108,97
843,2021-05-04T00:00:00.000Z,New Orleans Pelicans,Golden State Warriors,108,103
844,2021-04-13T00:00:00.000Z,Portland Trail Blazers,Boston Celtics,115,116
845,2021-04-14T00:00:00.000Z,Toronto Raptors,San Antonio Spurs,117,112
846,2021-04-29T00:00:00.000Z,Oklahoma City Thunder,New Orleans Pelicans,95,109
847,2021-04-24T00:00:00.000Z,Miami Heat,Chicago Bulls,106,101
848,2021-04-22T00:00:00.000Z,Milwaukee Bucks,Philadelphia 76ers,124,117
849,2021-05-11T00:00:00.000Z,Golden State Warriors,Phoenix Suns,122,116
850,2021-05-02T00:00:00.000Z,Los Angeles Lakers,Toronto Raptors,114,121
851,2021-05-05T00:00:00.000Z,Atlanta Hawks,Phoenix Suns,135,103
852,2021-05-16T00:00:00.000Z,San Antonio Spurs,Phoenix Suns,121,123
853,2021-05-16T00:00:00.000Z,New Orleans Pelicans,Los Angeles Lakers,98,110
854,2021-05-12T00:00:00.000Z,Dallas Mavericks,New Orleans Pelicans,125,107
855,2021-04-03T00:00:00.000Z,Portland Trail Blazers,Oklahoma City Thunder,133,85
856,2021-04-11T00:00:00.000Z,LA Clippers,Detroit Pistons,131,124
857,2021-03-20T00:00:00.000Z,Philadelphia 76ers,Sacramento Kings,129,105
858,2021-04-06T00:00:00.000Z,LA Clippers,Portland Trail Blazers,133,116
859,2021-03-14T00:00:00.000Z,Minnesota Timberwolves,Portland Trail Blazers,114,112
860,2021-03-17T00:00:00.000Z,Memphis Grizzlies,Miami Heat,89,85
861,2021-04-01T00:00:00.000Z,Cleveland Cavaliers,Philadelphia 76ers,94,114
862,2021-05-16T00:00:00.000Z,Oklahoma City Thunder,LA Clippers,117,112
863,2021-03-23T00:00:00.000Z,Orlando Magic,Denver Nuggets,99,110
864,2021-03-19T00:00:00.000Z,Portland Trail Blazers,Dallas Mavericks,125,119
865,2021-03-11T00:00:00.000Z,LA Clippers,Golden State Warriors,130,104
866,2021-04-15T00:00:00.000Z,Cleveland Cavaliers,Golden State Warriors,101,119
867,2021-03-15T00:00:00.000Z,Brooklyn Nets,New York Knicks,117,112
868,2021-04-08T00:00:00.000Z,Sacramento Kings,Detroit Pistons,101,113
869,2021-03-29T00:00:00.000Z,Utah Jazz,Cleveland Cavaliers,114,75
870,2021-04-25T00:00:00.000Z,Orlando Magic,Indiana Pacers,112,131
871,2021-03-26T00:00:00.000Z,Minnesota Timberwolves,Houston Rockets,107,101
872,2021-03-26T00:00:00.000Z,Los Angeles Lakers,Cleveland Cavaliers,100,86
873,2021-03-24T00:00:00.000Z,Chicago Bulls,Cleveland Cavaliers,94,103
874,2021-03-22T00:00:00.000Z,LA Clippers,Atlanta Hawks,119,110
875,2021-05-07T00:00:00.000Z,Portland Trail Blazers,Los Angeles Lakers,106,101
876,2021-03-12T00:00:00.000Z,Chicago Bulls,Miami Heat,90,101
877,2021-05-11T00:00:00.000Z,Milwaukee Bucks,Orlando Magic,114,102
878,2021-04-18T00:00:00.000Z,Dallas Mavericks,Sacramento Kings,107,121
879,2021-04-09T00:00:00.000Z,Orlando Magic,Indiana Pacers,106,111
880,2021-03-31T00:00:00.000Z,Brooklyn Nets,Houston Rockets,120,108
881,2021-04-16T00:00:00.000Z,Detroit Pistons,Oklahoma City Thunder,110,104
882,2021-05-01T00:00:00.000Z,LA Clippers,Denver Nuggets,104,110
883,2021-04-27T00:00:00.000Z,Houston Rockets,Minnesota Timberwolves,107,114
884,2021-03-21T00:00:00.000Z,Brooklyn Nets,Washington Wizards,113,106
885,2021-03-27T00:00:00.000Z,Washington Wizards,Detroit Pistons,106,92
886,2021-05-05T00:00:00.000Z,Denver Nuggets,New York Knicks,113,97
887,2021-04-07T00:00:00.000Z,Oklahoma City Thunder,Charlotte Hornets,102,113
888,2021-04-19T00:00:00.000Z,Miami Heat,Houston Rockets,113,91
889,2021-04-14T00:00:00.000Z,Denver Nuggets,Miami Heat,123,106
890,2021-04-02T00:00:00.000Z,Utah Jazz,Chicago Bulls,113,106
891,2021-04-14T00:00:00.000Z,Memphis Grizzlies,Dallas Mavericks,113,114
892,2021-04-21T00:00:00.000Z,Sacramento Kings,Minnesota Timberwolves,128,125
893,2021-04-28T00:00:00.000Z,Washington Wizards,Los Angeles Lakers,116,107
894,2021-04-24T00:00:00.000Z,Dallas Mavericks,Los Angeles Lakers,108,93
895,2021-04-22T00:00:00.000Z,Boston Celtics,Phoenix Suns,99,86
896,2021-04-26T00:00:00.000Z,Miami Heat,Chicago Bulls,102,110
897,2021-05-02T00:00:00.000Z,Milwaukee Bucks,Brooklyn Nets,68,114
898,2021-05-08T00:00:00.000Z,Indiana Pacers,Washington Wizards,132,133
899,2021-05-13T00:00:00.000Z,Chicago Bulls,Toronto Raptors,114,102
900,2021-05-03T00:00:00.000Z,Los Angeles Lakers,Denver Nuggets,93,89
901,2021-05-09T00:00:00.000Z,Orlando Magic,Minnesota Timberwolves,96,128
902,2021-04-21T00:00:00.000Z,Houston Rockets,Utah Jazz,89,112
903,2021-04-01T00:00:00.000Z,LA Clippers,Denver Nuggets,94,101
904,2021-05-08T00:00:00.000Z,Golden State Warriors,Oklahoma City Thunder,136,97
905,2021-03-12T00:00:00.000Z,New Orleans Pelicans,Cleveland Cavaliers,116,78
906,2021-03-24T00:00:00.000Z,San Antonio Spurs,LA Clippers,101,134
907,2021-04-28T00:00:00.000Z,New York Knicks,Chicago Bulls,113,94
908,2021-03-19T00:00:00.000Z,Memphis Grizzlies,Golden State Warriors,103,116
909,2021-04-14T00:00:00.000Z,New Orleans Pelicans,New York Knicks,106,116
910,2021-04-02T00:00:00.000Z,New Orleans Pelicans,Atlanta Hawks,103,126
911,2021-04-16T00:00:00.000Z,San Antonio Spurs,Portland Trail Blazers,106,107
912,2021-03-11T00:00:00.000Z,Oklahoma City Thunder,Dallas Mavericks,116,108
913,2021-03-16T00:00:00.000Z,Los Angeles Lakers,Minnesota Timberwolves,137,121
914,2021-05-02T00:00:00.000Z,San Antonio Spurs,Philadelphia 76ers,111,113
915,2021-03-29T00:00:00.000Z,Houston Rockets,Memphis Grizzlies,110,120
916,2021-04-30T00:00:00.000Z,Brooklyn Nets,Portland Trail Blazers,109,128
917,2021-05-13T00:00:00.000Z,Atlanta Hawks,Orlando Magic,116,93
918,2021-03-26T00:00:00.000Z,Toronto Raptors,Phoenix Suns,100,104
919,2021-03-31T00:00:00.000Z,Minnesota Timberwolves,New York Knicks,102,101
920,2021-03-15T00:00:00.000Z,Denver Nuggets,Indiana Pacers,121,106
921,2021-04-18T00:00:00.000Z,Orlando Magic,Houston Rockets,110,114
922,2021-03-17T00:00:00.000Z,Cleveland Cavaliers,Boston Celtics,117,110
923,2021-04-11T00:00:00.000Z,Minnesota Timberwolves,Chicago Bulls,121,117
924,2021-04-09T00:00:00.000Z,Golden State Warriors,Washington Wizards,107,110
925,2021-03-14T00:00:00.000Z,Houston Rockets,Boston Celtics,107,134
926,2021-05-11T00:00:00.000Z,Indiana Pacers,Philadelphia 76ers,103,94
927,2021-03-27T00:00:00.000Z,Utah Jazz,Memphis Grizzlies,126,110
928,2021-04-19T00:00:00.000Z,Milwaukee Bucks,Phoenix Suns,127,128
929,2021-03-13T00:00:00.000Z,Atlanta Hawks,Sacramento Kings,121,106
930,2021-05-15T00:00:00.000Z,San Antonio Spurs,Phoenix Suns,103,140
931,2021-03-25T00:00:00.000Z,New York Knicks,Washington Wizards,106,102
932,2021-04-27T00:00:00.000Z,Charlotte Hornets,Milwaukee Bucks,104,114
933,2021-04-12T00:00:00.000Z,Phoenix Suns,Houston Rockets,126,120
934,2021-03-21T00:00:00.000Z,New York Knicks,Philadelphia 76ers,100,101
935,2021-05-09T00:00:00.000Z,Boston Celtics,Miami Heat,124,130
936,2021-04-07T00:00:00.000Z,Phoenix Suns,Utah Jazz,117,113
937,2021-04-17T00:00:00.000Z,Washington Wizards,Detroit Pistons,121,100
938,2021-05-07T00:00:00.000Z,Phoenix Suns,New York Knicks,128,105
939,2021-04-29T00:00:00.000Z,Denver Nuggets,Toronto Raptors,121,111
940,2021-05-03T00:00:00.000Z,Chicago Bulls,Philadelphia 76ers,94,106
941,2021-05-01T00:00:00.000Z,Minnesota Timberwolves,New Orleans Pelicans,136,140
942,2021-05-14T00:00:00.000Z,Dallas Mavericks,Toronto Raptors,114,110
943,2021-05-16T00:00:00.000Z,Detroit Pistons,Miami Heat,107,120
944,2021-05-04T00:00:00.000Z,Oklahoma City Thunder,Sacramento Kings,99,103
945,2021-05-16T00:00:00.000Z,Sacramento Kings,Utah Jazz,99,121
946,2021-05-12T00:00:00.000Z,Utah Jazz,Portland Trail Blazers,98,105
947,2021-04-26T00:00:00.000Z,Denver Nuggets,Memphis Grizzlies,120,96
948,2021-05-10T00:00:00.000Z,Atlanta Hawks,Washington Wizards,125,124
949,2021-03-31T00:00:00.000Z,Los Angeles Lakers,Milwaukee Bucks,97,112
950,2021-04-12T00:00:00.000Z,New York Knicks,Los Angeles Lakers,111,96
951,2021-04-22T00:00:00.000Z,Orlando Magic,New Orleans Pelicans,100,135
952,2021-03-11T00:00:00.000Z,Portland Trail Blazers,Phoenix Suns,121,127
953,2021-05-11T00:00:00.000Z,Memphis Grizzlies,Dallas Mavericks,133,104
954,2021-03-18T00:00:00.000Z,Atlanta Hawks,Oklahoma City Thunder,116,93
955,2021-04-09T00:00:00.000Z,Denver Nuggets,San Antonio Spurs,121,119
956,2021-04-05T00:00:00.000Z,Houston Rockets,Phoenix Suns,130,133
957,2021-04-18T00:00:00.000Z,LA Clippers,Minnesota Timberwolves,124,105
958,2021-04-23T00:00:00.000Z,Charlotte Hornets,Cleveland Cavaliers,108,102
959,2021-03-21T00:00:00.000Z,Portland Trail Blazers,Dallas Mavericks,92,132
960,2021-03-19T00:00:00.000Z,Houston Rockets,Detroit Pistons,100,113
961,2021-05-12T00:00:00.000Z,Brooklyn Nets,San Antonio Spurs,128,116
962,2021-04-20T00:00:00.000Z,New Orleans Pelicans,Brooklyn Nets,129,134
963,2021-03-13T00:00:00.000Z,Minnesota Timberwolves,Portland Trail Blazers,121,125
964,2021-03-24T00:00:00.000Z,Oklahoma City Thunder,Memphis Grizzlies,107,116
965,2021-03-22T00:00:00.000Z,Minnesota Timberwolves,Oklahoma City Thunder,103,112
966,2021-04-03T00:00:00.000Z,Washington Wizards,Dallas Mavericks,87,109
967,2021-05-15T00:00:00.000Z,Minnesota Timberwolves,Boston Celtics,108,124
968,2021-04-15T00:00:00.000Z,Phoenix Suns,Sacramento Kings,122,114
969,2021-03-17T00:00:00.000Z,Denver Nuggets,Charlotte Hornets,129,104
970,2021-05-07T00:00:00.000Z,Sacramento Kings,San Antonio Spurs,104,113
971,2021-04-16T00:00:00.000Z,Washington Wizards,New Orleans Pelicans,117,115
972,2021-03-14T00:00:00.000Z,Chicago Bulls,Toronto Raptors,118,95
973,2021-03-12T00:00:00.000Z,Washington Wizards,Philadelphia 76ers,101,127
974,2021-03-29T00:00:00.000Z,Golden State Warriors,Chicago Bulls,116,102
975,2021-05-16T00:00:00.000Z,Chicago Bulls,Milwaukee Bucks,118,112
976,2021-05-16T00:00:00.000Z,Portland Trail Blazers,Denver Nuggets,132,116
977,2021-04-06T00:00:00.000Z,Toronto Raptors,Los Angeles Lakers,101,110
978,2021-04-19T00:00:00.000Z,Detroit Pistons,Cleveland Cavaliers,109,105
979,2021-04-04T00:00:00.000Z,Boston Celtics,Charlotte Hornets,116,86
980,2021-04-26T00:00:00.000Z,Minnesota Timberwolves,Utah Jazz,105,104
981,2021-04-07T00:00:00.000Z,Denver Nuggets,San Antonio Spurs,106,96
982,2021-03-25T00:00:00.000Z,Los Angeles Lakers,Philadelphia 76ers,101,109
983,2021-04-30T00:00:00.000Z,Los Angeles Lakers,Sacramento Kings,106,110
984,2021-04-02T00:00:00.000Z,Sacramento Kings,Los Angeles Lakers,94,115
985,2021-05-08T00:00:00.000Z,Philadelphia 76ers,Detroit Pistons,118,104
986,2021-03-26T00:00:00.000Z,Orlando Magic,Portland Trail Blazers,105,112
987,2021-05-09T00:00:00.000Z,LA Clippers,New York Knicks,100,106
988,2021-04-14T00:00:00.000Z,Oklahoma City Thunder,Golden State Warriors,109,147
989,2021-04-21T00:00:00.000Z,Washington Wizards,Golden State Warriors,118,114
990,2021-04-21T00:00:00.000Z,Portland Trail Blazers,Denver Nuggets,105,106
991,2021-05-01T00:00:00.000Z,Dallas Mavericks,Washington Wizards,125,124
992,2021-04-11T00:00:00.000Z,Portland Trail Blazers,Miami Heat,98,107
993,2021-05-14T00:00:00.000Z,Golden State Warriors,New Orleans Pelicans,125,122
994,2021-04-28T00:00:00.000Z,Sacramento Kings,Utah Jazz,105,154
995,2021-04-11T00:00:00.000Z,Charlotte Hornets,Atlanta Hawks,101,105
996,2021-03-26T00:00:00.000Z,Milwaukee Bucks,Boston Celtics,114,122
997,2021-05-03T00:00:00.000Z,Atlanta Hawks,Portland Trail Blazers,123,114
998,2021-03-13T00:00:00.000Z,Brooklyn Nets,Detroit Pistons,100,95
999,2021-03-16T00:00:00.000Z,Philadelphia 76ers,New York Knicks,99,96
1000,2021-03-21T00:00:00.000Z,Cleveland Cavaliers,Toronto Raptors,116,105
1001,2021-04-14T00:00:00.000Z,Chicago Bulls,Orlando Magic,106,115
1002,2021-04-09T00:00:00.000Z,LA Clippers,Houston Rockets,126,109
1003,2021-04-10T00:00:00.000Z,Brooklyn Nets,Los Angeles Lakers,101,126
1004,2021-03-23T00:00:00.000Z,New York Knicks,Washington Wizards,131,113
1005,2021-05-11T00:00:00.000Z,Los Angeles Lakers,New York Knicks,101,99
1006,2021-03-17T00:00:00.000Z,Detroit Pistons,Toronto Raptors,116,112
1007,2021-03-27T00:00:00.000Z,Sacramento Kings,Cleveland Cavaliers,100,98
1008,2021-05-02T00:00:00.000Z,Dallas Mavericks,Sacramento Kings,99,111
1009,2021-04-13T00:00:00.000Z,Charlotte Hornets,Los Angeles Lakers,93,101
1010,2021-03-24T00:00:00.000Z,Houston Rockets,Charlotte Hornets,97,122
1011,2021-03-22T00:00:00.000Z,Houston Rockets,Toronto Raptors,117,99
1012,2021-03-14T00:00:00.000Z,Oklahoma City Thunder,Memphis Grizzlies,128,122
1013,2021-03-24T00:00:00.000Z,Sacramento Kings,Atlanta Hawks,110,108
1014,2021-03-12T00:00:00.000Z,Los Angeles Lakers,Indiana Pacers,105,100
1015,2021-03-19T00:00:00.000Z,Miami Heat,Indiana Pacers,110,137
1016,2021-03-18T00:00:00.000Z,New York Knicks,Orlando Magic,94,93
1017,2021-04-16T00:00:00.000Z,Brooklyn Nets,Charlotte Hornets,130,115
1018,2021-03-29T00:00:00.000Z,Boston Celtics,New Orleans Pelicans,109,115
1019,2021-03-28T00:00:00.000Z,Toronto Raptors,Portland Trail Blazers,117,122
1020,2021-05-01T00:00:00.000Z,Charlotte Hornets,Detroit Pistons,107,94
1021,2021-03-15T00:00:00.000Z,Washington Wizards,Milwaukee Bucks,122,133
1022,2021-05-10T00:00:00.000Z,Cleveland Cavaliers,Indiana Pacers,102,111
1023,2021-05-15T00:00:00.000Z,Brooklyn Nets,Chicago Bulls,105,91
1024,2021-03-25T00:00:00.000Z,Miami Heat,Portland Trail Blazers,122,125
1025,2021-04-18T00:00:00.000Z,Miami Heat,Brooklyn Nets,109,107
1026,2021-04-17T00:00:00.000Z,Phoenix Suns,San Antonio Spurs,85,111
1027,2021-03-31T00:00:00.000Z,Phoenix Suns,Chicago Bulls,121,116
1028,2021-04-19T00:00:00.000Z,Philadelphia 76ers,Golden State Warriors,96,107
1029,2021-04-25T00:00:00.000Z,Charlotte Hornets,Boston Celtics,125,104
1030,2021-04-20T00:00:00.000Z,Atlanta Hawks,Orlando Magic,112,96
1031,2021-04-26T00:00:00.000Z,Orlando Magic,Los Angeles Lakers,103,114
1032,2021-04-21T00:00:00.000Z,Cleveland Cavaliers,Chicago Bulls,121,105
1033,2021-04-02T00:00:00.000Z,Toronto Raptors,Golden State Warriors,130,77
1034,2021-04-24T00:00:00.000Z,Indiana Pacers,Detroit Pistons,115,109
1035,2021-04-22T00:00:00.000Z,Chicago Bulls,Charlotte Hornets,108,91
1036,2021-04-27T00:00:00.000Z,Indiana Pacers,Portland Trail Blazers,112,133
1037,2021-04-23T00:00:00.000Z,Brooklyn Nets,Boston Celtics,109,104
1038,2021-04-28T00:00:00.000Z,Cleveland Cavaliers,Orlando Magic,104,109
1039,2021-04-29T00:00:00.000Z,Detroit Pistons,Dallas Mavericks,105,115
1040,2021-04-30T00:00:00.000Z,Chicago Bulls,Milwaukee Bucks,98,108
1041,2021-05-09T00:00:00.000Z,Los Angeles Lakers,Phoenix Suns,123,110
1042,2021-05-08T00:00:00.000Z,Toronto Raptors,Memphis Grizzlies,99,109
1043,2021-05-14T00:00:00.000Z,Detroit Pistons,Denver Nuggets,91,104
1044,2021-05-05T00:00:00.000Z,Indiana Pacers,Sacramento Kings,93,104
1045,2021-05-13T00:00:00.000Z,Indiana Pacers,Milwaukee Bucks,133,142
1046,2021-05-04T00:00:00.000Z,Cleveland Cavaliers,Phoenix Suns,118,134
1047,2021-05-16T00:00:00.000Z,Washington Wizards,Charlotte Hornets,115,110
1048,2021-05-16T00:00:00.000Z,Minnesota Timberwolves,Dallas Mavericks,136,121
1049,2021-05-12T00:00:00.000Z,Atlanta Hawks,Washington Wizards,120,116
1050,2021-04-01T00:00:00.000Z,San Antonio Spurs,Atlanta Hawks,129,134
1051,2021-04-15T00:00:00.000Z,Atlanta Hawks,Milwaukee Bucks,109,120
1052,2021-03-24T00:00:00.000Z,Minnesota Timberwolves,Dallas Mavericks,108,128
1053,2021-03-18T00:00:00.000Z,Los Angeles Lakers,Charlotte Hornets,116,105
1054,2021-05-01T00:00:00.000Z,Orlando Magic,Memphis Grizzlies,112,111
1055,2021-03-31T00:00:00.000Z,Oklahoma City Thunder,Toronto Raptors,113,103
1056,2021-03-17T00:00:00.000Z,Washington Wizards,Sacramento Kings,119,121
1057,2021-03-22T00:00:00.000Z,Milwaukee Bucks,Indiana Pacers,140,113
1058,2021-04-11T00:00:00.000Z,Memphis Grizzlies,Indiana Pacers,125,132
1059,2021-05-07T00:00:00.000Z,Dallas Mavericks,Cleveland Cavaliers,110,90
1060,2021-03-16T00:00:00.000Z,Miami Heat,Cleveland Cavaliers,113,98
1061,2021-05-11T00:00:00.000Z,Detroit Pistons,Minnesota Timberwolves,100,119
1062,2021-04-28T00:00:00.000Z,Phoenix Suns,LA Clippers,109,101
1063,2021-04-14T00:00:00.000Z,Detroit Pistons,LA Clippers,98,100
1064,2021-03-15T00:00:00.000Z,Dallas Mavericks,LA Clippers,99,109
1065,2021-04-14T00:00:00.000Z,Sacramento Kings,Washington Wizards,111,123
1066,2021-03-13T00:00:00.000Z,Oklahoma City Thunder,New York Knicks,97,119
1067,2021-03-19T00:00:00.000Z,Toronto Raptors,Utah Jazz,112,115
1068,2021-03-14T00:00:00.000Z,Orlando Magic,Miami Heat,97,102
1069,2021-04-12T00:00:00.000Z,Minnesota Timberwolves,Brooklyn Nets,97,127
1070,2021-04-13T00:00:00.000Z,Phoenix Suns,Miami Heat,106,86
1071,2021-03-12T00:00:00.000Z,Utah Jazz,Houston Rockets,114,99
1072,2021-04-04T00:00:00.000Z,Houston Rockets,New Orleans Pelicans,115,122
1073,2021-05-03T00:00:00.000Z,Memphis Grizzlies,New York Knicks,104,118
1074,2021-03-26T00:00:00.000Z,Golden State Warriors,Atlanta Hawks,108,124
1075,2021-04-21T00:00:00.000Z,New York Knicks,Atlanta Hawks,137,127
1076,2021-05-09T00:00:00.000Z,Detroit Pistons,Chicago Bulls,96,108
1077,2021-03-29T00:00:00.000Z,Detroit Pistons,Toronto Raptors,118,104
1078,2021-04-03T00:00:00.000Z,San Antonio Spurs,Indiana Pacers,133,139
1079,2021-03-21T00:00:00.000Z,Detroit Pistons,Chicago Bulls,86,100
1080,2021-04-30T00:00:00.000Z,Cleveland Cavaliers,Washington Wizards,93,122
1081,2021-04-05T00:00:00.000Z,Brooklyn Nets,New York Knicks,114,112
1082,2021-04-08T00:00:00.000Z,Miami Heat,Los Angeles Lakers,110,104
1083,2021-03-27T00:00:00.000Z,Oklahoma City Thunder,Boston Celtics,94,111
1084,2021-05-04T00:00:00.000Z,LA Clippers,Toronto Raptors,105,100
1085,2021-04-02T00:00:00.000Z,Indiana Pacers,Charlotte Hornets,97,114
1086,2021-04-19T00:00:00.000Z,Washington Wizards,Oklahoma City Thunder,119,107
1087,2021-04-16T00:00:00.000Z,Philadelphia 76ers,LA Clippers,106,103
1088,2021-05-06T00:00:00.000Z,LA Clippers,Los Angeles Lakers,118,94
1089,2021-04-07T00:00:00.000Z,Boston Celtics,New York Knicks,101,99
1090,2021-05-02T00:00:00.000Z,Oklahoma City Thunder,Phoenix Suns,120,123
1091,2021-04-09T00:00:00.000Z,New York Knicks,Memphis Grizzlies,133,129
1092,2021-04-29T00:00:00.000Z,Minnesota Timberwolves,Golden State Warriors,126,114
1093,2021-04-17T00:00:00.000Z,Milwaukee Bucks,Memphis Grizzlies,115,128
1094,2021-05-08T00:00:00.000Z,Portland Trail Blazers,San Antonio Spurs,124,102
1095,2021-04-26T00:00:00.000Z,New Orleans Pelicans,LA Clippers,120,103
1096,2021-05-16T00:00:00.000Z,Philadelphia 76ers,Orlando Magic,128,117
1097,2021-05-10T00:00:00.000Z,Portland Trail Blazers,Houston Rockets,140,129
1098,2021-04-10T00:00:00.000Z,Utah Jazz,Sacramento Kings,128,112
1099,2021-03-14T00:00:00.000Z,Philadelphia 76ers,San Antonio Spurs,134,99
1100,2021-03-23T00:00:00.000Z,New Orleans Pelicans,Los Angeles Lakers,128,111
1101,2021-05-11T00:00:00.000Z,Toronto Raptors,LA Clippers,96,115
1102,2021-03-24T00:00:00.000Z,Toronto Raptors,Denver Nuggets,135,111
1103,2021-05-03T00:00:00.000Z,New Orleans Pelicans,Golden State Warriors,108,123
1104,2021-03-16T00:00:00.000Z,Portland Trail Blazers,New Orleans Pelicans,125,124
1105,2021-04-30T00:00:00.000Z,Philadelphia 76ers,Atlanta Hawks,126,104
1106,2021-04-22T00:00:00.000Z,Dallas Mavericks,Los Angeles Lakers,115,110
1107,2021-03-25T00:00:00.000Z,Sacramento Kings,Golden State Warriors,141,119
1108,2021-04-09T00:00:00.000Z,Milwaukee Bucks,Charlotte Hornets,119,127
1109,2021-03-26T00:00:00.000Z,Detroit Pistons,Brooklyn Nets,111,113
1110,2021-03-27T00:00:00.000Z,Milwaukee Bucks,New York Knicks,96,102
1111,2021-03-28T00:00:00.000Z,Charlotte Hornets,Phoenix Suns,97,101
